鄉鎮市區,交易標的,土地位置建物門牌,土地移轉總面積平方公尺,都市土地使用分區,非都市土地使用分區,非都市土地使用編定,交易年月日,交易筆棟數,移轉層次,總樓層數,建物型態,主要用途,主要建材,建築完成年月,建物移轉總面積平方公尺,建物現況格局-房,建物現況格局-廳,建物現況格局-衛,建物現況格局-隔間,有無管理組織,總價元,單價元平方公尺,車位類別,車位移轉總面積(平方公尺),車位總價元,備註,編號,主建物面積,附屬建物面積,陽台面積,電梯,移轉編號
中正區,房地(土地+建物)+車位,臺北市中正區延平南路１５０號九樓之２,14.04,都市：其他:第四種商業區。,,,1100129,土地1建物1車位1,九層,二十二層,住宅大樓(11層含以上有電梯),住家用,鋼骨造,1080723,173.4,0,0,0,無,有,47300000,314670,坡道平面,35.17,3800000,毛胚屋；,RPUNMLPKPHGGFBA87DA,89.72,8.82,0.0,有,
大安區,房地(土地+建物)+車位,臺北市大安區安和路二段８８號二十四樓,36.77,都市：其他:第三之一種住宅區。,,,1100811,土地2建物1車位1,二十四層，二十五層,二十五層,住宅大樓(11層含以上有電梯),住家用,鋼筋混凝土造,0780810,379.90999999999997,6,5,4,有,有,109000000,305543,坡道平面,36.26,4000000,,RPUQMLNKPHGGFFA48EA,283.91,47.97,0.0,有,
萬華區,房地(土地+建物)+車位,臺北市萬華區環河南路二段１９號十二樓,8.55,都市：其他:第肆種商業區(依都市計畫說明書圖規定辦理，始得作第肆種商業區使用)(原屬第參種商業區)。,,,1100811,土地2建物1車位1,十二層,二十四層,住宅大樓(11層含以上有電梯),住家用,鋼筋混凝土造,1090807,110.27,2,2,1,有,無,19000000,193734,坡道機械,19.94,1500000,,RPQSMLKMQHGGFBA77DA,53.71,7.08,0.0,有,
萬華區,房地(土地+建物)+車位,臺北市萬華區康定路１０３號九樓之１０,3.9,都市：其他:第四種商業區。,,,1100813,土地1建物1車位1,九層,二十六層,住宅大樓(11層含以上有電梯),住家用,鋼骨造,1050331,85.91,1,1,1,有,有,12000000,139681,坡道平面,33.7,0,,RPXOMLTKQHGGFBA78DA,29.69,4.82,0.0,有,109.0
大安區,房地(土地+建物)+車位,臺北市大安區敦化南路一段１３８號十三樓之５,11.95,都市：其他:敦化南北路特定專用區(A區)(依都市計畫說明書圖規定辦理)(原屬第肆之壹種住宅區)。,,,1100707,土地2建物1車位1,十三層,二十三層,住宅大樓(11層含以上有電梯),住家用,鋼骨鋼筋混凝土造,1090909,191.96,3,2,2,有,有,82000000,427172,坡道平面,32.28,0,,RPPNMLNLQHGGFFA77DA,95.16,11.62,0.0,有,
大安區,房地(土地+建物),臺北市大安區新生南路三段３６之１號九樓之２,9.53,都市：其他:第三種住宅區。,,,1100827,土地1建物1車位0,九層,二十二層,住宅大樓(11層含以上有電梯),住家用,鋼筋混凝土造,0770106,123.72999999999999,3,2,2,有,有,40000000,323285,,0.0,0,,RPVPMLOKRHGGFFA78EA,92.33,10.33,0.0,有,
萬華區,房地(土地+建物)+車位,臺北市萬華區桂林路１０９號十七樓,10.92,都市：其他:第四種商業區。,,,1100806,土地1建物1車位1,十七層,二十四層,住宅大樓(11層含以上有電梯),住家用,鋼筋混凝土造,1081008,187.44,3,2,2,有,有,30000000,160051,坡道平面,0.0,0,,RPTNMLPKRHGGFBA08EA,83.01,17.71,0.0,有,
文山區,房地(土地+建物),臺北市文山區仙岩路２２巷９號二樓之１,34.87,都市：其他:第三種住宅區。,,,1100820,土地1建物1車位0,二層,二十層,住宅大樓(11層含以上有電梯),住家用,鋼筋混凝土造,0840411,185.91,4,2,2,有,有,27000000,145232,,0.0,0,,RPVNMLQKRHGGFAA28EA,113.39,46.93,0.0,有,
內湖區,房地(土地+建物),臺北市內湖區星雲街１６８巷３５號十三樓之６,8.22,都市：其他:第三種住宅區。,,,1100812,土地1建物1車位0,十三層,二十一層,住宅大樓(11層含以上有電梯),住家用,鋼筋混凝土造,0860124,48.4,1,1,1,有,有,10800000,223140,,0.0,0,陽台外推；夾層；其他增建；,RPSOMLOKRHGGFCA97DA,26.63,6.88,0.0,有,159.0
西屯區,房地(土地+建物)+車位,臺中市西屯區市政北一路２６７號七樓之２,10.65,都市：其他:第六種新市政中心專用區,,,1100816,土地1建物1車位1,七層,二十八層,住宅大樓(11層含以上有電梯),住家用,鋼筋混凝土造,0951113,144.55,3,2,2,有,有,14380000,114687,坡道平面,34.86,1800000,陽台外推；,RPTQMLQKQHGGFCB48DA,64.38,13.57,0.0,有,
南屯區,房地(土地+建物)+車位,臺中市南屯區文心南路２８８號十四樓之５,27.17,都市：其他:第二種商業區,,,1100731,土地1建物1車位2,十四層,二十九層,住宅大樓(11層含以上有電梯),住家用,鋼筋混凝土造,1031125,318.99,4,2,3,有,有,28800000,90285,坡道平面,53.92,0,,RPWNMLTKQHGGFCB78DA,157.76,26.8,0.0,有,
西屯區,房地(土地+建物)+車位,臺中市西屯區國安一路１３３號十一樓之１,9.84,都市：其他:第六種住宅區,,,1100815,土地1建物1車位1,十一層,二十四層,住宅大樓(11層含以上有電梯),住家用,鋼筋混凝土造,0991119,119.78,2,2,1,有,有,11150000,93087,坡道平面,22.28,0,陽台外推；,RPQRMLPLQHGGFCB28DA,54.33,12.77,0.0,有,
南屯區,房地(土地+建物)+車位,臺中市南屯區大英西一街１０５號十四樓之３,13.81,都市：其他:第二種住宅區,,,1100816,土地1建物1車位1,十四層,二十二層,住宅大樓(11層含以上有電梯),住家用,鋼筋混凝土造,0850110,201.38,4,2,2,有,有,16000000,79452,坡道平面,0.0,0,,RPVPMLQLQHGGFCB68DA,115.74,19.77,0.0,有,
西屯區,房地(土地+建物)+車位,臺中市西屯區市政北一路２６７號九樓之７,10.21,都市：其他:第六種新市政中心專用區,,,1100816,土地1建物1車位1,九層,二十八層,住宅大樓(11層含以上有電梯),住家用,鋼筋混凝土造,0951113,141.98000000000002,3,2,2,有,有,14500000,102127,坡道平面,32.11,0,,RPTQMLKMQHGGFCB08DA,64.38,13.57,0.0,有,
北區,房地(土地+建物),臺中市北區忠太東路１１９號１１樓之２２,2.58,都市：其他:第三種住宅區。,,,1100812,土地1建物1車位0,十一層,二十一層,住宅大樓(11層含以上有電梯),住家用,鋼筋混凝土造,0840607,30.169999999999998,1,1,1,有,有,1750000,58005,,0.0,0,,RPXPMLSJRHGGFBB98EA,16.04,3.04,0.0,有,31.0
西屯區,房地(土地+建物)+車位,臺中市西屯區市政北一路２６９號二十六樓之３,10.65,都市：其他:第六種新市政中心專用區,,,1100803,土地1建物1車位1,二十六層,二十八層,住宅大樓(11層含以上有電梯),住家用,鋼筋混凝土造,0951113,144.76999999999998,3,2,2,有,有,14850000,121463,坡道平面,34.86,1500000,陽台外推；其他增建；,RPVOMLTJRHGGFCB88EA,64.42,13.57,0.0,有,32.0
西屯區,房地(土地+建物),臺中市西屯區文心路三段６號二十三樓之１９,5.55,都市：其他:第三種商業區,,,1100816,土地1建物1車位0,二十三層,二十六層,住宅大樓(11層含以上有電梯),住家用,鋼筋混凝土造,0980813,61.72,1,1,1,有,有,5800000,93973,,0.0,0,其他增建；,RPSRMLQKQHGGFCB48DA,38.36,3.47,0.0,有,
北區,房地(土地+建物),臺中市北區忠太東路１１９號３樓之１８,2.67,都市：其他:第三種住宅區。,,,1100823,土地1建物1車位0,三層,二十一層,住宅大樓(11層含以上有電梯),住家用,鋼筋混凝土造,0840607,31.33,1,1,1,有,有,1660000,52984,,0.0,0,,RPUNMLQJRHGGFBB18DA,16.66,3.15,0.0,有,69.0
北區,房地(土地+建物)+車位,臺中市北區忠太東路１１８號１２樓之８,8.77,都市：其他:第三種住宅區。,,,1100731,土地1建物1車位1,十二層,二十一層,住宅大樓(11層含以上有電梯),住家用,鋼筋混凝土造,0840607,103.00999999999999,3,2,1,有,有,6580000,63877,坡道機械,0.0,0,陽台外推；,RPVNMLTKQHGGFBB58DA,59.13,7.64,0.0,有,
北區,房地(土地+建物),臺中市北區中清路一段６５２號八樓之６,9.3,都市：其他:第二種住宅區,,,1100810,土地1建物1車位0,八層,二十層,住宅大樓(11層含以上有電梯),住家用,鋼筋混凝土造,0880616,115.14,3,2,2,有,有,7350000,63835,,0.0,0,,RPOPMLNLQHGGFBB57DA,73.49,11.23,0.0,有,
南屯區,房地(土地+建物),臺中市南屯區向心路１０９號六樓之１５,3.57,都市：其他:第三種住宅區。,,,1100821,土地1建物1車位0,六層,二十三層,住宅大樓(11層含以上有電梯),住家用,鋼筋混凝土造,0861216,47.230000000000004,1,1,1,有,有,3500000,74105,,0.0,0,夾層；,RPPNMLLLQHGGFCB37DA,28.13,3.85,0.0,有,
西屯區,房地(土地+建物),臺中市西屯區文心路二段５６６之１２號二十一樓之２,5.93,都市：其他:第三種住宅區。,,,1100818,土地1建物1車位0,二十一層,二十三層,住宅大樓(11層含以上有電梯),住家用,鋼筋混凝土造,0941110,87.71000000000001,2,2,1,有,有,8450000,96340,,0.0,0,陽台外推；,RPOOMLKLQHGGFCB27DA,50.62,8.98,0.0,有,91.0
西屯區,房地(土地+建物)+車位,臺中市西屯區國安一路１３１號四樓之６,6.56,都市：其他:第六種住宅區,,,1100808,土地1建物1車位1,四層,二十四層,住宅大樓(11層含以上有電梯),住家用,鋼筋混凝土造,0991119,78.72,2,2,2,有,有,7700000,97815,坡道機械,13.89,0,陽台外推；,RPUQMLQLQHGGFCB68DA,39.49,5.16,0.0,有,
西屯區,房地(土地+建物)+車位,臺中市西屯區西屯路三段１６６之１００號十二樓之６,11.88,都市：其他:第六種住宅區,,,1100825,土地1建物1車位1,十二層,二十一層,住宅大樓(11層含以上有電梯),住家用,鋼筋混凝土造,1031119,136.26,2,2,1,有,有,10820000,79407,坡道平面,39.74,0,,RPXOMLKKRHGGFCB18DA,55.71,8.14,0.0,有,
南屯區,房地(土地+建物)+車位,臺中市南屯區向上路二段１６５號十八樓,24.86,都市：其他:第二種商業區,,,1100808,土地1建物1車位2,十八層,二十五層,住宅大樓(11層含以上有電梯),住家用,鋼骨鋼筋混凝土造,1030729,293.22,3,2,2,有,有,36200000,132016,坡道平面,46.28,3600000,,RPVUMLLMQHGGFCB78DA,145.27,20.22,0.0,有,
南區,房地(土地+建物),臺中市南區南和路１７５－２號９樓之３,6.23,都市：其他:第三種住宅區。,,,1100824,土地1建物1車位0,九層,二十二層,住宅大樓(11層含以上有電梯),住家用,鋼筋混凝土造,0840315,92.92,2,2,2,有,有,5500000,59191,,0.0,0,,RPUNMLLJRHGGFAB57DA,57.54,12.76,0.0,有,
北屯區,房地(土地+建物),臺中市北屯區天津路四段３０９號１３樓之３,3.39,都市：其他:第一種商業區,,,1100813,土地1建物1車位0,十三層,二十四層,住宅大樓(11層含以上有電梯),住家用,鋼筋混凝土造,0840626,52.739999999999995,1,1,1,有,有,2950000,55935,,0.0,0,,RPSNMLLJRHGGFBB47DA,32.25,2.0,0.0,有,
西屯區,房地(土地+建物)+車位,臺中市西屯區臺灣大道四段１１８６號十樓之１,27.19,都市：其他:第三之一種住宅區,,,1100819,土地1建物1車位2,十層,二十六層,住宅大樓(11層含以上有電梯),住家用,鋼筋混凝土造,0960817,473.44,4,2,3,有,有,37620000,79461,坡道平面,46.66,0,,RPQQMLRJRHGGFCB28DA,263.39,48.8,0.0,有,
西屯區,房地(土地+建物)+車位,臺中市西屯區惠中路二段３３號十二樓之３,17.51,都市：其他:第四之一種商業區,,,1100821,土地1建物1車位2,十二層,二十五層,住宅大樓(11層含以上有電梯),住家用,鋼筋混凝土造,0980619,266.18,3,2,2,有,有,29500000,110827,坡道平面,44.9,0,,RPQRMLOLQHGGFCB18DA,133.98,21.83,0.0,有,
西屯區,房地(土地+建物)+車位,臺中市西屯區惠中三街２３號十八樓之２,13.52,都市：其他:第六種新市政中心專用區,,,1100809,土地1建物1車位1,十八層,二十三層,住宅大樓(11層含以上有電梯),住家用,鋼筋混凝土造,0960612,169.32999999999998,3,2,2,有,有,18500000,109254,坡道機械,11.53,0,,RPSNMLOKRHGGFCB97DA,93.11,12.42,0.0,有,163.0
西區,房地(土地+建物)+車位,臺中市西區館前路１８號２６樓,24.38,都市：其他:第三種住宅區。,,,1100503,土地1建物1車位2,二十六層,二十九層,住宅大樓(11層含以上有電梯),住家用,鋼骨鋼筋混凝土造,0870120,448.77,4,2,3,有,有,30700000,68409,坡道平面,0.0,0,陽台外推；,RPXRMLOKNHGGFAB28DA,237.15,47.86,0.0,有,
鼓山區,房地(土地+建物)+車位,高雄市鼓山區青海路５３號七樓,24.83,都市：其他:特定第五種住宅區,,,1100725,土地1建物1車位1,七層,024,住宅大樓(11層含以上有電梯),住家用,鋼筋混凝土造,1020619,242.26999999999998,4,2,2,有,有,19980000,82470,坡道平面,28.39,0,,RPWOMLPLQHGGFAE68DA,120.58,22.39,0.0,有,2.0
鼓山區,房地(土地+建物)+車位,高雄市鼓山區裕國街１３３號十樓,15.8,都市：其他:第五種住宅區,,,1100723,土地1建物1車位1,十層,014,住宅大樓(11層含以上有電梯),住家用,鋼筋混凝土造,0940909,132.82,3,2,2,有,有,9300000,70020,坡道機械,14.54,0,,RPWNMLSJRHGGFAE78DA,72.08,11.17,0.0,有,
鼓山區,房地(土地+建物)+車位,高雄市鼓山區美術東六街８５號九樓,16.27,都市：其他:特定第五種住宅區,,,1100802,土地1建物1車位1,九層,014,住宅大樓(11層含以上有電梯),住家用,鋼筋混凝土造,0930805,111.78,2,2,1,有,有,7450000,66649,坡道平面,22.96,0,,RPOOMLSJRHGGFAE08DA,51.84,10.72,0.0,有,3.0
鼓山區,房地(土地+建物)+車位,高雄市鼓山區龍勝路７８號七樓之１,9.22,都市：其他:第四種商業區,,,1100810,土地1建物1車位1,七層,015,住宅大樓(11層含以上有電梯),住家用,鋼筋混凝土造,0941213,95.84,2,2,1,有,有,7300000,76169,坡道機械,6.01,0,,RPXPMLTJRHGGFAE56DA,56.93,6.13,0.0,有,4.0
鼓山區,房地(土地+建物)+車位,高雄市鼓山區文信路２１６之１號十一樓之２,9.78,都市：其他:第四種商業區,,,1100702,土地1建物1車位1,十一層,014,住宅大樓(11層含以上有電梯),住家用,鋼筋混凝土造,0901008,121.50999999999999,3,2,2,有,有,7800000,64192,坡道機械,14.05,0,,RPOQMLRJRHGGFAE18DA,69.06,11.07,0.0,有,5.0
苓雅區,房地(土地+建物)+車位,高雄市苓雅區仁義街２１號十樓之１,10.19,都市：其他:第四種商業區,,,1100722,土地1建物1車位1,十層,014,住宅大樓(11層含以上有電梯),住家用,鋼筋混凝土造,0930303,104.13,2,1,1,有,有,7580000,67598,坡道機械,5.31,900000,陽台外推；,RPPPMLRJRHGGFBE28DA,56.72,11.5,0.0,有,
前鎮區,房地(土地+建物)+車位,高雄市前鎮區英明路５巷２５號十五樓,32.98,都市：其他:第四種住宅區,,,1100221,土地1建物1車位2,十五層,015,住宅大樓(11層含以上有電梯),住家用,鋼筋混凝土造,1020918,262.44,3,2,2,有,有,18500000,70492,坡道平面,56.3,0,,RPQOMLSKQHGGFCE48DA,116.07,16.09,0.0,有,
前鎮區,房地(土地+建物)+車位,高雄市前鎮區民權二路２３０號八樓,10.04,都市：其他:第三種特定商業專用區,,,1100811,土地2建物1車位2,八層,027,住宅大樓(11層含以上有電梯),住家用,鋼筋混凝土造,0860527,210.82,3,2,2,有,有,9200000,43639,坡道機械,31.26,0,,RPWNMLMJRHGGFCE38DA,119.32,18.04,0.0,有,
前鎮區,房地(土地+建物),高雄市前鎮區武慶一路１６２號五樓,10.11,都市：其他:第三種特定商業專用區,,,1100822,土地2建物1車位0,五層,014,住宅大樓(11層含以上有電梯),住家用,鋼筋混凝土造,0980722,85.17,2,2,1,有,有,5300000,62228,,0.0,0,,RPPOMLNJRHGGFCE87DA,52.17,5.77,0.0,有,
三民區,建物,高雄市三民區清華街２７號九樓之３,0.0,,,,1100719,土地0建物1車位0,九層,016,住宅大樓(11層含以上有電梯),住家用,鋼筋混凝土造,0841219,169.1,3,2,2,有,有,5000000,29568,,0.0,0,地上權房屋；,RPROMLLKQHGGFDE97DA,108.48,10.98,0.0,有,11.0
三民區,房地(土地+建物)+車位,高雄市三民區天祥二路２８號十一樓之２,10.44,都市：其他:第五種住宅區,,,1100723,土地1建物1車位1,十一層,015,住宅大樓(11層含以上有電梯),住家用,鋼筋混凝土造,1030831,113.73,2,2,1,有,有,7160000,62956,坡道平面,23.23,0,,RPXNMLRKQHGGFDE09DA,50.55,8.08,0.0,有,12.0
三民區,房地(土地+建物)+車位,高雄市三民區明仁路１６之８號十二樓之２,24.32,都市：其他:道路用地,,,1100626,土地3建物1車位1,十二層,016,住宅大樓(11層含以上有電梯),住家用,鋼筋混凝土造,0831103,206.07,3,2,2,有,有,11500000,55806,坡道平面,0.0,0,,RPUNMLMJRHGGFDE28DA,110.81,19.6,0.0,有,
三民區,房地(土地+建物)+車位,高雄市三民區民族一路５４３巷８號八樓之２,17.81,都市：其他:第五種住宅區,,,1100724,土地1建物1車位1,八層,015,住宅大樓(11層含以上有電梯),住家用,鋼筋混凝土造,1031217,155.16,3,2,2,有,有,11500000,78607,坡道平面,25.4,1300000,含土地增值稅或其他稅費；含地政士服務費；其他；,RPSPMLRJRHGGFDE78DA,75.96,8.38,0.0,有,13.0
三民區,房地(土地+建物)+車位,高雄市三民區明賢街６５之１號十八樓,20.61,都市：其他:第四種住宅區,,,1100817,土地1建物1車位2,十八層,026,住宅大樓(11層含以上有電梯),住家用,鋼筋混凝土造,0870501,247.65,4,2,2,有,有,15000000,60569,坡道平面,47.74,0,,RPXNMLSJRHGGFDE56DA,131.07,15.77,0.0,有,
三民區,房地(土地+建物)+車位,高雄市三民區鼎新路７６號四樓,22.54,都市：其他:第四種住宅區,,,1100812,土地1建物1車位1,四層,013,住宅大樓(11層含以上有電梯),住家用,鋼筋混凝土造,0930804,166.09,4,2,2,有,有,8680000,52261,坡道平面,23.71,0,含傢俱,RPXOMLSJRHGGFDE66DA,89.59,10.22,0.0,有,
左營區,房地(土地+建物)+車位,高雄市左營區至聖路１８５號六樓,16.28,都市：其他:第二種特定商業專用區,,,1100804,土地1建物1車位1,六層,014,住宅大樓(11層含以上有電梯),住家用,見使用執照,0900920,134.07,3,2,2,有,有,9700000,72350,坡道平面,23.78,0,含傢俱設備費；,RPPNMLOJRHGGFEE08DA,65.98,11.88,0.0,有,
楠梓區,房地(土地+建物)+車位,高雄市楠梓區裕昌街１５９號十三樓,13.23,都市：其他:第四種商業區,,,1100807,土地1建物1車位1,十三層,015,住宅大樓(11層含以上有電梯),住家用,鋼筋混凝土,1030423,138.42000000000002,3,2,2,有,有,6980000,50426,坡道平面,18.99,0,親友、員工、共有人或其他特殊關係間之交易；,RPUOMLSJRHGGFEE09DA,71.28,8.58,0.0,有,20.0
岡山區,房地(土地+建物)+車位,高雄市岡山區柳橋東路１７號十二樓之１,36.63,都市：其他:住宅區,,,1100718,土地1建物1車位1,十二層,013,住宅大樓(11層含以上有電梯),住家用,鋼筋混凝土造,0950512,185.39,3,2,2,有,有,8200000,44231,坡道平面,0.0,0,,RPXNMLKLQHGGFFE68DA,102.99,13.49,0.0,有,21.0
鳳山區,房地(土地+建物),高雄市鳳山區正義街１６巷２號五樓,12.9,都市：其他:道路用地,,,1100822,土地2建物1車位0,五層,014,住宅大樓(11層含以上有電梯),住家用,鋼筋混凝土造,0870520,113.1,3,2,2,有,有,5500000,48630,,0.0,0,,RPWOMLLJRHGGFGE78DA,68.84,12.41,0.0,有,
鳳山區,房地(土地+建物)+車位,高雄市鳳山區鳳東路６０５號六樓,24.73,都市：其他:第三之一種住宅區,,,1100818,土地1建物1車位1,六層,016,住宅大樓(11層含以上有電梯),住家用,鋼筋混凝土造,0850110,211.71,5,2,2,有,有,8500000,40149,坡道平面,0.0,0,,RPSNMLNJRHGGFGE48DA,135.44,15.81,0.0,有,
鳳山區,房地(土地+建物),高雄市鳳山區凱旋路３０３號九樓,15.5,都市：其他:第三之一種住宅區,,,1100818,土地1建物1車位0,九層,015,住宅大樓(11層含以上有電梯),住家用,鋼筋混凝土造,0811028,136.8,3,2,1,有,有,5380000,39327,,0.0,0,,RPOOMLRJRHGGFGE58DA,94.69,14.81,0.0,有,25.0
鳥松區,房地(土地+建物),高雄市鳥松區松埔北巷４之４１號十四樓之２,16.79,,鄉村區,乙種建築用地,1100808,土地2建物1車位0,十四層,016,住宅大樓(11層含以上有電梯),住家用,鋼筋混凝土造,0840915,74.13,2,1,1,有,有,2050000,27654,,0.0,0,含傢俱設備費；,RPRPMLTJQHGGFIE66DA,50.79,5.84,0.0,有,
鼓山區,房地(土地+建物)+車位,高雄市鼓山區河西一路１４４３號十一樓,16.24,都市：其他:特定第五種住宅區,,,1100731,土地1建物1車位1,十一層,015,住宅大樓(11層含以上有電梯),住家用,鋼筋混凝土造,0960510,123.35,3,2,2,有,有,10560000,81321,坡道機械,8.25,1200000,,RPXOMLTJRHGGFAE56EA,66.35,11.98,0.0,有,
苓雅區,房地(土地+建物)+車位,高雄市苓雅區中正一路１５２號六樓之３,6.45,都市：其他:第五種商業區,,,1100818,土地1建物1車位1,六層,014,住宅大樓(11層含以上有電梯),住家用,鋼筋混凝土造,0921105,80.86,2,2,1,有,有,5560000,68761,升降機械,8.26,0,,RPPNMLTJRHGGFBE38EA,42.75,9.06,0.0,有,
鳳山區,房地(土地+建物)+車位,高雄市鳳山區文衡路３８６號十一樓,17.46,都市：其他:第三之一種住宅區,,,1100811,土地1建物1車位1,十一層,016,住宅大樓(11層含以上有電梯),住家用,鋼筋混凝土造,0830518,164.1,4,2,2,有,有,7520000,45826,坡道平面,0.0,0,,RPXOMLSJRHGGFGE07EA,95.0,15.19,0.0,有,
鳳山區,房地(土地+建物)+車位,高雄市鳳山區文化西路１６０巷２６弄５號十二樓,18.52,都市：其他:第三之一種住宅區,,,1100820,土地1建物1車位1,十二層,015,住宅大樓(11層含以上有電梯),住家用,鋼筋混凝土造,0821221,133.59,3,2,2,有,有,6800000,50902,坡道平面,0.0,0,,RPWNMLTJRHGGFGE96EA,81.25,10.9,0.0,有,
三民區,房地(土地+建物),高雄市三民區鼎華路２２８號十四樓,7.55,都市：其他:第三種商業區,,,1100810,土地1建物1車位0,十四層,025,住宅大樓(11層含以上有電梯),住家用,鋼筋混凝土造,0951207,86.09,3,1,1,有,有,4750000,55175,,0.0,0,陽台外推；,RPQOMLTJRHGGFDE78EA,47.11,10.91,0.0,有,
茄萣區,房地(土地+建物),高雄市茄萣區建中街６６號１０樓之３,9.0,都市：其他:住宅區,,,1100817,土地3建物1車位0,十層,017,住宅大樓(11層含以上有電梯),住家用,鋼筋混凝土造,0841230,100.03,2,2,1,有,有,2360000,23593,,0.0,0,,RPRNMLPLQHGGFJE98DA,69.25,10.89,0.0,有,41.0
左營區,房地(土地+建物)+車位,高雄市左營區新莊一路１９９號九樓之２,15.65,都市：其他:第五種住宅區,,,1100811,土地1建物1車位1,九層,014,住宅大樓(11層含以上有電梯),住家用,鋼筋混凝土造,0940520,138.46,2,2,1,有,有,9000000,65001,坡道平面,17.93,0,,RPSOMLKKRHGGFEE18DA,73.93,8.71,0.0,有,51.0
楠梓區,房地(土地+建物),高雄市楠梓區德民路３５６巷６０弄２０號十三樓,14.84,都市：其他:第四種住宅區,,,1100901,土地1建物1車位0,十三層,013,住宅大樓(11層含以上有電梯),住家用,鋼筋混凝土造,0820311,88.74,3,2,2,有,有,4700000,52964,,0.0,0,,RPPOMLKKRHGGFEE87DA,65.78,8.44,0.0,有,52.0
左營區,房地(土地+建物)+車位,高雄市左營區博愛四路３６３號七樓之１,9.95,都市：其他:第五種商業區,,,1100807,土地1建物1車位1,七層,025,住宅大樓(11層含以上有電梯),住家用,鋼筋混凝土造,1021202,205.14,4,2,2,有,有,14980000,73023,坡道機械,10.55,0,含傢俱設備費；,RPROMLTJRHGGFEE88DA,115.73,11.19,0.0,有,53.0
左營區,房地(土地+建物),高雄市左營區重化街４９號四樓,12.86,都市：其他:第四種商業區,,,1100823,土地1建物1車位0,四層,014,住宅大樓(11層含以上有電梯),住家用,見使用執照,0890609,124.18,3,2,2,有,有,6500000,52343,,0.0,0,含傢俱設備費；,RPOPMLTJRHGGFEE68DA,79.87,7.32,0.0,有,
左營區,房地(土地+建物),高雄市左營區城峰路２號十二樓之２,8.58,都市：其他:第五種住宅區,,,1100823,土地1建物1車位0,十二層,015,住宅大樓(11層含以上有電梯),住家用,鋼筋混凝土造,0970410,81.36,2,2,1,有,有,5200000,63913,,0.0,0,有裝潢,RPXNMLRJRHGGFEE56DA,51.58,4.29,0.0,有,56.0
三民區,房地(土地+建物)+車位,高雄市三民區明誠一路１７２號七樓,18.83,都市：其他:第四種住宅區,,,1100805,土地1建物1車位1,七層,014,住宅大樓(11層含以上有電梯),住家用,鋼筋混凝土造,0880908,140.26,3,2,2,有,有,7660000,54613,坡道平面,27.46,0,,RPSNMLKKRHGGFDE97DA,73.69,10.79,0.0,有,61.0
三民區,房地(土地+建物),高雄市三民區明誠一路９０號十三樓之１,11.08,都市：其他:第四種住宅區,,,1100807,土地1建物1車位0,十三層,015,住宅大樓(11層含以上有電梯),住家用,鋼筋混凝土造,0950303,85.73,2,2,1,有,有,5250000,61239,,0.0,0,,RPSNMLTJRHGGFDE78DA,54.25,4.09,0.0,有,
三民區,房地(土地+建物),高雄市三民區鼎昌街２６０號四樓之１,9.37,都市：其他:第四種商業區,,,1100721,土地1建物1車位0,四層,016,住宅大樓(11層含以上有電梯),住家用,鋼筋混凝土造,0830908,122.08999999999999,3,2,2,有,有,5750000,47096,,0.0,0,,RPQOMLLLPHGGFDE87DA,86.17,11.43,0.0,有,
前鎮區,房地(土地+建物),高雄市前鎮區沱江街１５號１３樓,15.48,都市：其他:第三種特定商業專用區,,,1100712,土地2建物1車位0,十三層,016,住宅大樓(11層含以上有電梯),住家用,鋼筋混凝土造,0780510,142.32,3,2,2,有,有,6600000,46374,,0.0,0,,RPTNMLLKRHGGFCE08DA,99.31,8.29,0.0,有,
前鎮區,房地(土地+建物)+車位,高雄市前鎮區三多三路９１號六樓,8.39,都市：其他:第五種商業區,,,1100813,土地1建物1車位1,六層,014,住宅大樓(11層含以上有電梯),住家用,鋼筋混凝土造,0940504,104.87,2,2,1,有,有,7400000,70564,坡道平面,21.97,0,,RPRPMLSKQHGGFCE68DA,51.84,5.68,0.0,有,65.0
苓雅區,房地(土地+建物)+車位,高雄市苓雅區四維三路１７號十二樓,32.16,都市：其他:第五種住宅區,,,1100718,土地2建物1車位2,十二層,024,住宅大樓(11層含以上有電梯),住家用,鋼筋混凝土造,0981109,309.05,4,2,2,有,有,30000000,99687,坡道平面,44.22,3600000,,RPTOMLTJRHGGFBE78DA,161.36,21.13,0.0,有,
苓雅區,房地(土地+建物)+車位,高雄市苓雅區青年一路１５號十四樓,24.48,都市：其他:第五種住宅區,,,1100807,土地1建物1車位2,十四層,014,住宅大樓(11層含以上有電梯),住家用,鋼筋混凝土造,1051011,278.03000000000003,0,0,0,無,有,23990000,86286,坡道平面,39.9,0,毛胚屋；,RPPOMLRJRHGGFBE18DA,124.94,27.67,0.0,有,68.0
鹽埕區,房地(土地+建物),高雄市鹽埕區五福四路１６號三樓之２,11.41,都市：其他:第五種商業區,,,1100731,土地1建物1車位0,三層,013,住宅大樓(11層含以上有電梯),住家用,鋼筋混凝土造,0870310,121.31,4,2,2,有,有,6500000,53582,,0.0,0,,RPTPMLRJRHGGFAE58DA,93.01,5.16,0.0,有,
鼓山區,房地(土地+建物)+車位,高雄市鼓山區美術北三路１０８號二十四樓,29.9,都市：其他:特定第五種住宅區,,,1100731,土地1建物1車位2,二十四層,028,住宅大樓(11層含以上有電梯),住家用,鋼筋混凝土造,1010419,307.87,3,2,2,有,有,28980000,94131,坡道平面,61.64,0,,RPQOMLSJRHGGFAE28DA,144.32,20.08,0.0,有,70.0
鼓山區,房地(土地+建物)+車位,高雄市鼓山區裕誠路１９２６號九樓,18.19,都市：其他:第四種住宅區,,,1100813,土地1建物1車位1,九層,014,住宅大樓(11層含以上有電梯),住家用,鋼筋混凝土造,0931018,101.38,2,2,1,有,有,8500000,83843,坡道平面,20.18,0,,RPWNMLTJRHGGFAE88DA,52.39,4.9,0.0,有,71.0
前金區,房地(土地+建物),高雄市前金區市中一路９９號十樓之１１,5.9,都市：其他:第五種商業區,,,1100807,土地1建物1車位0,十層,022,住宅大樓(11層含以上有電梯),住家用,鋼筋混凝土造,0910618,73.82,2,1,1,有,有,4250000,57572,,0.0,0,陽台外推；,RPUNMLTKQHGGFAE68DA,45.94,4.77,0.0,有,75.0
鼓山區,房地(土地+建物)+車位,高雄市鼓山區南屏路５４１號八樓,14.75,都市：其他:第四種商業區,,,1100728,土地1建物1車位1,八層,015,住宅大樓(11層含以上有電梯),住家用,鋼筋混凝土造,0940921,178.18,4,2,2,有,有,13000000,72960,坡道平面,0.0,0,,RPWOMLKMQHGGFAE28DA,99.44,10.25,0.0,有,
鼓山區,房地(土地+建物),高雄市鼓山區美術東八街１１２號八樓,12.02,都市：其他:特定第五種住宅區,,,1100811,土地1建物1車位0,八層,015,住宅大樓(11層含以上有電梯),住家用,鋼筋混凝土造,1011107,109.56,2,2,1,有,有,7700000,70281,,0.0,0,,RPVNMLMJRHGGFAE08DA,59.22,8.41,0.0,有,76.0
前鎮區,房地(土地+建物),高雄市前鎮區中華五路１００９號六樓,27.54,都市：其他:特定第五種住宅區,,,1100814,土地1建物1車位0,六層,014,住宅大樓(11層含以上有電梯),住家用,鋼筋混凝土造,0910619,161.87,3,2,2,有,有,9300000,57454,,0.0,0,,RPSOMLLJRHGGFCE97DA,100.61,13.54,0.0,有,
前鎮區,房地(土地+建物)+車位,高雄市前鎮區民權二路３７８之１號二十四樓之８,7.86,都市：其他:第三種特定商業專用區,,,1100826,土地2建物1車位1,二十四層,027,住宅大樓(11層含以上有電梯),住家用,鋼筋混凝土造,0841212,179.47,3,2,2,有,有,8800000,49033,坡道平面,0.0,0,,RPUNMLKKRHGGFCE08DA,103.59,12.28,0.0,有,
前鎮區,房地(土地+建物)+車位,高雄市前鎮區中華五路１４６１號十五樓之１,13.63,都市：其他:第三種特定商業專用區,,,1100824,土地1建物1車位1,十五層,015,住宅大樓(11層含以上有電梯),住家用,鋼筋混凝土造,0940330,143.19,3,2,2,有,有,11800000,82408,坡道平面,31.71,0,含土地增值稅或其他稅費；含仲介費；含地政士服務費；,RPRNMLLKRHGGFCE87DA,66.56,9.17,0.0,有,86.0
三民區,房地(土地+建物),高雄市三民區鼎新路１８９號十七樓之３,10.38,都市：其他:第四種商業區,,,1100813,土地1建物1車位0,十七層,019,住宅大樓(11層含以上有電梯),住家用,鋼筋混凝土造,0840128,118.33,3,2,2,有,有,5300000,44790,,0.0,0,遮雨棚增建、前陽台有加裝窗戶其他增建；,RPOOMLRLQHGGFDE38DA,76.43,13.14,0.0,有,
三民區,房地(土地+建物)+車位,高雄市三民區重慶街３４９巷８號十樓,13.71,都市：其他:第四種住宅區,,,1100815,土地1建物1車位1,十層,013,住宅大樓(11層含以上有電梯),住家用,鋼筋混凝土造,0831229,136.17000000000002,4,2,2,有,有,7700000,56547,坡道平面,0.0,0,,RPTOMLTKQHGGFDE98DA,79.76,19.47,0.0,有,
三民區,房地(土地+建物)+車位,高雄市三民區鼎和街４５巷９號十樓,19.24,都市：其他:第三種住宅區。,,,1100814,土地1建物1車位1,十層,014,住宅大樓(11層含以上有電梯),住家用,鋼筋混凝土造,0880603,150.68,4,2,2,有,有,8120000,53889,坡道機械,26.48,0,,RPWOMLTKQHGGFDE66DA,81.18,14.42,0.0,有,87.0
三民區,房地(土地+建物),高雄市三民區力行路２５２號四樓之２,10.9,都市：其他:第四種住宅區,,,1100809,土地1建物1車位0,四層,014,住宅大樓(11層含以上有電梯),住家用,鋼筋混凝土造,0931111,91.19999999999999,3,2,1,有,有,6000000,65789,,0.0,0,,RPWNMLKKRHGGFDE38DA,56.45,6.85,0.0,有,
三民區,房地(土地+建物),高雄市三民區春陽街８９號十七樓之１,10.55,都市：其他:第三種商業區,,,1100730,土地1建物1車位0,十七層,024,住宅大樓(11層含以上有電梯),住家用,鋼筋混凝土造,0831004,126.72999999999999,3,2,2,有,有,6300000,49712,,0.0,0,,RPXOMLLKRHGGFDE68DA,84.67,12.07,0.0,有,88.0
左營區,房地(土地+建物),高雄市左營區文慈路２６１號八樓,13.21,都市：其他:第四種住宅區,,,1100730,土地1建物1車位0,八層,013,住宅大樓(11層含以上有電梯),住家用,鋼筋混凝土造,0840824,114.44,3,2,2,有,有,5380000,47012,,0.0,0,,RPWPMLSJRHGGFEE76DA,84.36,6.25,0.0,有,
楠梓區,房地(土地+建物),高雄市楠梓區旗楠路８８５之１８號七樓,12.13,都市：其他:第二種特定商業專用區,,,1100813,土地2建物1車位0,七層,017,住宅大樓(11層含以上有電梯),住家用,鋼筋混凝土造,0831014,103.95,2,2,2,有,有,3380000,32516,,0.0,0,含傢俱設備費；,RPQOMLKKRHGGFEE97DA,77.06,7.83,0.0,有,
楠梓區,房地(土地+建物)+車位,高雄市楠梓區瑞仁路１３０號三樓,19.03,都市：其他:第二種特定商業專用區,,,1100630,土地1建物1車位1,三層,014,住宅大樓(11層含以上有電梯),住家用,鋼筋混凝土造,0931230,140.32999999999998,3,2,2,有,有,6680000,47602,坡道平面,24.26,0,,RPVOMLKKRHGGFEE48DA,73.4,8.4,0.0,有,
左營區,房地(土地+建物),高雄市左營區富國路２９２號九樓之３,3.06,都市：其他:第四種商業區,,,1100808,土地1建物1車位0,九層,021,住宅大樓(11層含以上有電梯),住家用,鋼筋混凝土造,0841019,47.25,1,1,1,有,有,2700000,57143,,0.0,0,含傢俱設備費；,RPPQMLKKRHGGFEE08DA,26.62,5.57,0.0,有,91.0
楠梓區,房地(土地+建物),高雄市楠梓區土庫二路１９０號三樓之７,10.97,都市：其他:第三種住宅區。,,,1100811,土地2建物1車位0,三層,020,住宅大樓(11層含以上有電梯),住家用,鋼筋混凝土,1030626,103.78,2,2,2,有,有,5500000,52997,,0.0,0,,RPXOMLLKRHGGFEE78DA,57.83,9.59,0.0,有,93.0
鼓山區,房地(土地+建物)+車位,高雄市鼓山區美術東四路４５３號,21.07,都市：其他:特定第五種住宅區,,,1100803,土地1建物1車位1,一層,015,住宅大樓(11層含以上有電梯),住家用,鋼筋混凝土造,0941114,133.63,4,2,2,有,有,11500000,86052,坡道平面,0.0,0,主建物移轉1/2含車位一併移轉1/2親友、員工、共有人或其他特殊關係間之交易；,RPXNMLLKRHGGFAE38EA,86.3,2.54,0.0,有,
左營區,房地(土地+建物)+車位,高雄市左營區重惠街８０號十四樓之３,11.99,都市：其他:第四種商業區,,,1100820,土地1建物1車位1,十四層,014,住宅大樓(11層含以上有電梯),住家用,見使用執照,0910930,106.33000000000001,2,2,1,有,有,6050000,56898,坡道平面,22.09,0,,RPSPMLLKRHGGFEE48EA,55.34,4.11,0.0,有,
鳳山區,房地(土地+建物)+車位,高雄市鳳山區八德路１１２號十三樓,11.72,都市：其他:道路用地,,,1100816,土地2建物1車位1,十三層,015,住宅大樓(11層含以上有電梯),住家用,鋼筋混凝土造,0830923,118.72,3,2,2,有,有,5500000,46327,坡道機械,0.0,0,,RPXNMLKKRHGGFGE78DA,89.47,13.07,0.0,有,
鳳山區,房地(土地+建物)+車位,高雄市鳳山區新富路３６０號十四樓,17.75,都市：其他:第三之一種住宅區,,,1100813,土地1建物1車位1,十四層,016,住宅大樓(11層含以上有電梯),住家用,鋼筋混凝土造,0850822,168.52,4,2,2,有,有,8800000,52219,坡道平面,0.0,0,,RPVOMLNKQHGGFGE88DA,103.5,10.76,0.0,有,
左營區,房地(土地+建物)+車位,高雄市左營區自由二路１１８號三樓,26.21,都市：其他:第四種住宅區,,,1100905,土地1建物1車位1,三層，電梯樓梯間,015,住宅大樓(11層含以上有電梯),住家用,鋼筋混凝土造,0830601,219.72000000000003,4,2,2,有,有,10000000,45512,坡道平面,0.0,0,親友、員工、共有人或其他特殊關係間之交易；,RPXPMLLKRHGGFEE88DA,113.53,47.33,0.0,有,123.0
左營區,房地(土地+建物)+車位,高雄市左營區重文街６號二樓,10.3,都市：其他:第五種住宅區,,,1100822,土地1建物1車位1,二層,014,住宅大樓(11層含以上有電梯),住家用,鋼筋混凝土造,0871021,116.49000000000001,3,2,2,有,有,5500000,47214,坡道機械,5.11,0,賣方賣清,RPWPMLNKRHGGFEE98DA,76.58,7.43,0.0,有,
岡山區,房地(土地+建物),高雄市岡山區大德一路１１１號五樓,14.78,都市：其他:住宅區,,,1100819,土地1建物1車位0,五層,015,住宅大樓(11層含以上有電梯),住家用,鋼筋混凝土造,0831120,140.76,4,2,2,有,有,4800000,34101,,0.0,0,買方負擔全部稅規費.親友、員工、共有人或其他特殊關係間之交易；,RPRNMLSLQHGGFFE88DA,89.71,15.17,0.0,有,
楠梓區,房地(土地+建物)+車位,高雄市楠梓區加宏路１９１巷５１弄２８號七樓,7.68,都市：其他:第五種商業區,,,1100723,土地1建物1車位1,七層,015,住宅大樓(11層含以上有電梯),住家用,鋼筋混凝土造,0951130,98.59,3,2,1,有,有,5170000,52439,坡道機械,5.13,0,含裝潢費；含傢俱設備費；,RPPOMLTJRHGGFEE68DA,57.12,11.61,0.0,有,
左營區,房地(土地+建物),高雄市左營區南屏路３７６號六樓之２,16.83,都市：其他:第四種住宅區,,,1100806,土地1建物1車位0,六層,014,住宅大樓(11層含以上有電梯),住家用,見使用執照,0881227,129.91,3,2,2,有,有,8320000,64044,,0.0,0,,RPTOMLPLQHGGFEE78DA,85.12,11.35,0.0,有,
三民區,房地(土地+建物)+車位,高雄市三民區建昌路３２號十一樓,13.3,都市：其他:第三種商業區,,,1100819,土地1建物1車位1,十一層,015,住宅大樓(11層含以上有電梯),住家用,鋼筋混凝土造,1011107,151.51999999999998,3,2,2,有,有,11000000,72598,坡道平面,17.51,0,含傢俱設備費；,RPTNMLNKRHGGFDE38DA,74.25,16.99,0.0,有,130.0
三民區,房地(土地+建物)+車位,高雄市三民區鼎愛街２６號十二樓,17.1,都市：其他:第四種住宅區,,,1100417,土地1建物1車位1,十二層,013,住宅大樓(11層含以上有電梯),住家用,鋼筋混凝土造,0901130,138.55,3,2,2,有,有,7460000,53843,坡道平面,26.61,0,,RPROMLLKRHGGFDE08DA,68.95,10.78,0.0,有,133.0
三民區,房地(土地+建物)+車位,高雄市三民區春陽街５２之３號十二樓,9.85,都市：其他:第四種商業區,,,1100724,土地1建物1車位1,十二層,014,住宅大樓(11層含以上有電梯),住家用,鋼筋混凝土造,0901122,99.52000000000001,2,2,1,有,有,5600000,56270,坡道平面,16.1,0,,RPWOMLRLQHGGFDE56DA,52.68,7.1,0.0,有,135.0
三民區,房地(土地+建物)+車位,高雄市三民區大中一路２３５巷１３號十四樓,8.62,都市：其他:第五種住宅區,,,1100516,土地1建物1車位1,十四層，電梯樓梯間,024,住宅大樓(11層含以上有電梯),住家用,鋼筋混凝土造,0830523,123.87,3,2,2,有,有,5300000,42787,坡道機械,0.0,0,,RPWOMLPLQHGGFDE98DA,84.15,19.21,0.0,有,
三民區,房地(土地+建物)+車位,高雄市三民區鼎力路６６號五樓之５,10.42,都市：其他:第四種商業區,,,1100816,土地1建物1車位1,五層,015,住宅大樓(11層含以上有電梯),住家用,鋼筋混凝土造,1021023,137.43,3,2,2,有,有,9180000,66798,坡道機械,5.93,0,,RPVNMLNLQHGGFDE58DA,75.81,11.61,0.0,有,137.0
前鎮區,房地(土地+建物)+車位,高雄市前鎮區中山二路１９２號九樓之１,7.85,都市：其他:第五種商業區,,,1100828,土地1建物1車位1,九層,015,住宅大樓(11層含以上有電梯),住家用,鋼筋混凝土造,1000125,121.6,2,2,1,有,有,9550000,74938,坡道平面,20.85,2000000,陽台外推；,RPTNMLSLQHGGFCE78DA,56.72,8.77,0.0,有,
新興區,房地(土地+建物)+車位,高雄市新興區林森一路２４６號四樓之１,11.62,都市：其他:第四種商業區,,,1100820,土地1建物1車位1,四層,014,住宅大樓(11層含以上有電梯),住家用,鋼筋混凝土造,1050413,157.15,3,2,2,有,有,11600000,73815,坡道平面,29.78,0,陽台外推；,RPSPMLNKRHGGFBE28DA,70.24,13.48,0.0,有,144.0
新興區,房地(土地+建物)+車位,高雄市新興區林森一路２４６號七樓之１,11.62,都市：其他:第四種商業區,,,1100729,土地1建物1車位1,七層,014,住宅大樓(11層含以上有電梯),住家用,鋼筋混凝土造,1050413,157.15,3,2,2,有,有,11500000,73178,坡道平面,29.78,0,,RPTNMLRKQHGGFBE48DA,70.24,13.48,0.0,有,145.0
鹽埕區,房地(土地+建物)+車位,高雄市鹽埕區七賢三路１號十樓之６,15.96,都市：其他:第三種商業區,,,1100807,土地1建物1車位1,十層,015,住宅大樓(11層含以上有電梯),住家用,鋼筋混凝土造,0960103,167.71,4,2,2,有,有,12800000,76322,坡道平面,16.56,0,,RPPNMLKLQHGGFAE37DA,96.74,13.46,0.0,有,
鼓山區,房地(土地+建物)+車位,高雄市鼓山區美明路５９號九樓,30.91,都市：其他:特定第五種住宅區,,,1100802,土地1建物1車位1,九層,015,住宅大樓(11層含以上有電梯),住家用,鋼筋混凝土造,0980114,233.96,4,2,2,有,有,17700000,75654,坡道平面,29.85,0,,RPRNMLQKQHGGFAE08DA,134.3,12.25,0.0,有,
鼓山區,房地(土地+建物),高雄市鼓山區文忠路５７號五樓之１,7.39,都市：其他:第四種商業區,,,1100724,土地1建物1車位0,五層,015,住宅大樓(11層含以上有電梯),住家用,鋼筋混凝土造,0940421,80.75,2,2,1,有,有,6050000,74923,,0.0,0,,RPVOMLQKQHGGFAE58DA,51.78,4.82,0.0,有,149.0
鼓山區,房地(土地+建物)+車位,高雄市鼓山區美術東二路５２號七樓,20.15,都市：其他:特定第五種住宅區,,,1100704,土地1建物1車位1,七層,014,住宅大樓(11層含以上有電梯),住家用,鋼筋混凝土造,0931206,139.49,3,2,2,有,有,10380000,74414,坡道平面,16.99,0,,RPRNMLLJQHGGFAE47DA,77.69,8.14,0.0,有,
鼓山區,房地(土地+建物)+車位,高雄市鼓山區富農路１０６號六樓,17.86,都市：其他:第四種商業區,,,1100817,土地1建物1車位1,六層,015,住宅大樓(11層含以上有電梯),住家用,鋼筋混凝土造,0940929,167.29,4,2,2,有,有,13800000,82302,坡道平面,17.84,1500000,,RPUOMLRKQHGGFAE58DA,94.22,13.55,0.0,有,
鼓山區,房地(土地+建物)+車位,高雄市鼓山區九如四路５７０號十四樓,17.72,都市：其他:第五種住宅區,,,1100818,土地1建物1車位1,十四層,015,住宅大樓(11層含以上有電梯),住家用,鋼筋混凝土造,1011121,195.3,3,2,2,有,有,12550000,64260,坡道平面,25.3,0,原成交價1280萬.因仲介方折傭.所以實際成交為1255萬,RPSNMLLJRHGGFAE67DA,97.81,11.27,0.0,有,150.0
前金區,房地(土地+建物)+車位,高雄市前金區七賢二路２８８號四樓,10.61,都市：其他:第五種商業區,,,1100828,土地1建物1車位1,四層,015,住宅大樓(11層含以上有電梯),住家用,鋼筋混凝土造,1010926,159.45,3,2,2,有,有,11000000,68987,坡道平面,17.29,0,,RPWNMLQJRHGGFAE58DA,83.47,11.19,0.0,有,151.0
鹽埕區,房地(土地+建物)+車位,高雄市鹽埕區五福四路８１號十三樓,13.63,都市：其他:第四種住宅區,,,1100813,土地2建物1車位1,十三層,015,住宅大樓(11層含以上有電梯),住家用,鋼筋混凝土造,1040323,176.12,3,2,2,有,有,13998000,78137,坡道平面,18.09,1650000,含裝潢費；含傢俱設備費；含仲介費；,RPPNMLMKRHGGFAE57DA,96.32,13.05,0.0,有,152.0
鼓山區,房地(土地+建物),高雄市鼓山區美術北三路８７號八樓,14.42,都市：其他:特定第四種商業區,,,1100815,土地1建物1車位0,八層,015,住宅大樓(11層含以上有電梯),住家用,鋼筋混凝土造,0950808,135.84,3,2,2,有,有,9750000,71776,,0.0,0,,RPSOMLNKRHGGFAE08DA,88.71,5.62,0.0,有,153.0
鼓山區,房地(土地+建物)+車位,高雄市鼓山區美術南五街８９號十三樓,22.72,都市：其他:特定第五種住宅區,,,1100724,土地1建物1車位1,十三層,013,住宅大樓(11層含以上有電梯),住家用,鋼筋混凝土造,0910402,158.74,3,2,2,有,有,10000000,61935,坡道平面,21.5,1500000,,RPXOMLNKRHGGFAE58DA,79.58,16.48,0.0,有,
鼓山區,房地(土地+建物),高雄市鼓山區大順一路１０１１巷８號二十一樓之３,10.35,都市：其他:第五種住宅區,,,1100909,土地1建物1車位0,二十一層,027,住宅大樓(11層含以上有電梯),住家用,鋼筋混凝土造,0840707,114.73,3,2,2,有,有,5100000,44452,,0.0,0,,RPQNMLOKRHGGFAE87DA,78.81,10.48,0.0,有,
鼓山區,房地(土地+建物)+車位,高雄市鼓山區南屏路８５５號十八樓,22.79,都市：其他:第四種商業區,,,1100728,土地1建物1車位1,十八層,019,住宅大樓(11層含以上有電梯),住家用,鋼筋混凝土造,0951205,266.6,3,2,2,有,有,22580000,84696,坡道平面,26.88,0,,RPTNMLNKRHGGFAE08DA,153.45,15.73,0.0,有,
鼓山區,房地(土地+建物)+車位,高雄市鼓山區青海路２９６號十一樓,35.86,都市：其他:特定第五種住宅區,,,1100802,土地1建物1車位1,十一層,019,住宅大樓(11層含以上有電梯),住家用,鋼筋混凝土造,1010710,342.12,4,2,3,有,有,28300000,82720,坡道平面,39.43,0,,RPUNMLNKRHGGFAE18DA,183.7,18.89,0.0,有,154.0
苓雅區,房地(土地+建物)+車位,高雄市苓雅區仁德街２８號十樓之１,11.86,都市：其他:第四種商業區,,,1100813,土地1建物1車位1,十層,014,住宅大樓(11層含以上有電梯),住家用,鋼筋混凝土造,0921128,122.84,2,2,2,有,有,9380000,76359,坡道機械,5.14,0,陽台外推；,RPROMLNKRHGGFBE08DA,75.95,10.86,0.0,有,158.0
苓雅區,房地(土地+建物),高雄市苓雅區仁義街２３號四樓之３,10.17,都市：其他:第四種商業區,,,1100822,土地1建物1車位0,四層,014,住宅大樓(11層含以上有電梯),住家用,鋼筋混凝土造,0930303,89.56,2,2,1,有,有,5950000,66436,,0.0,0,,RPQNMLLKRHGGFBE67DA,56.58,4.31,0.0,有,
三民區,房地(土地+建物),高雄市三民區大豐一路３０１號十五樓,10.01,都市：其他:第四種住宅區,,,1100817,土地1建物1車位0,十五層,015,住宅大樓(11層含以上有電梯),住家用,鋼筋混凝土造,0950904,79.98,2,2,1,有,有,4250000,53138,,0.0,0,含土地增值稅或其他稅費；含仲介費；含地政士服務費；,RPQNMLOKRHGGFDE18DA,49.38,5.29,0.0,有,163.0
左營區,房地(土地+建物)+車位,高雄市左營區重和路３６號十一樓之１,16.42,都市：其他:第五種住宅區,,,1100816,土地1建物1車位1,十一層,015,住宅大樓(11層含以上有電梯),住家用,鋼筋混凝土造,0951124,141.48,3,2,2,有,有,9800000,66732,坡道平面,18.6,1600000,,RPPRMLQKQHGGFEE68DA,77.19,8.22,0.0,有,
左營區,房地(土地+建物)+車位,高雄市左營區重和路３２號十五樓之１,19.63,都市：其他:第五種住宅區,,,1100824,土地1建物1車位1,十五層,015,住宅大樓(11層含以上有電梯),住家用,鋼筋混凝土造,0951124,173.71,4,2,2,有,有,11900000,68505,坡道機械,16.87,0,,RPUNMLOLQHGGFEE68DA,97.62,11.36,0.0,有,166.0
楠梓區,房地(土地+建物),高雄市楠梓區楠梓新路２６１巷１８號十二樓,10.8,都市：其他:第四種住宅區,,,1100811,土地1建物1車位0,十二層,019,住宅大樓(11層含以上有電梯),住家用,鋼筋混凝土造,0830628,116.77000000000001,3,2,2,有,有,4350000,37253,,0.0,0,含土地增值稅或其他稅費；含仲介費；含地政士服務費；,RPXOMLNKRHGGFEE98DA,94.36,11.2,0.0,有,174.0
左營區,房地(土地+建物)+車位,高雄市左營區大中二路７５９號五樓,14.78,都市：其他:第五種住宅區,,,1100817,土地1建物1車位1,五層,015,住宅大樓(11層含以上有電梯),住家用,鋼筋混凝土造,1000628,139.03,3,2,2,有,有,7880000,52266,坡道平面,15.05,1400000,,RPWOMLLKRHGGFEE68DA,75.54,10.37,0.0,有,
鳳山區,房地(土地+建物),高雄市鳳山區南榮路２６４號七樓,16.04,都市：其他:第三之一種住宅區,,,1100809,土地2建物1車位0,七層,013,住宅大樓(11層含以上有電梯),住家用,鋼筋混凝土造,0830713,123.78999999999999,4,1,2,有,有,5250000,42411,,0.0,0,,RPOPMLNKRHGGFGE38DA,85.75,15.96,0.0,有,
鳥松區,房地(土地+建物)+車位,高雄市鳥松區松埔北巷４之４１號三樓之１,36.78,,鄉村區,乙種建築用地,1100830,土地2建物1車位1,三層,016,住宅大樓(11層含以上有電梯),住家用,鋼筋混凝土造,0840915,175.94,3,2,2,有,有,5100000,28987,坡道平面,0.0,1000000,其他增建：平台,RPRQMLNKRHGGFIE98DA,101.58,11.67,0.0,有,
新興區,房地(土地+建物),高雄市新興區中正四路６５號六樓之１１,3.65,都市：其他:第五種商業區,,,1100906,土地1建物1車位0,六層,014,住宅大樓(11層含以上有電梯),住家用,鋼筋混凝土造,0890304,41.31,1,1,1,有,有,2200000,53256,,0.0,0,,RPWNMLOKRHGGFBE68EA,23.48,5.48,0.0,有,
左營區,房地(土地+建物),高雄市左營區富國路９號二十樓,20.29,都市：其他:第五種住宅區,,,1100831,土地1建物1車位0,二十層，夾層,020,住宅大樓(11層含以上有電梯),住家用,鋼筋混凝土造,0830707,274.43,4,4,4,有,有,15300000,55752,,0.0,0,其他增建；,RPUOMLOKRHGGFEE78DA,144.09,52.32,0.0,有,
楠梓區,房地(土地+建物)+車位,高雄市楠梓區德民路４２６巷１２號十七樓,12.53,都市：其他:第五種住宅區,,,1100819,土地1建物1車位1,十七層,023,住宅大樓(11層含以上有電梯),住家用,鋼筋混凝土造,0851028,160.0,6,0,2,有,有,6240000,39000,坡道機械,0.0,0,含裝潢費；含傢俱設備費；含租約；,RPRPMLTJRHGGFEE98DA,97.89,15.57,0.0,有,218.0
左營區,房地(土地+建物)+車位,高雄市左營區文川路５７巷１５號十二樓之２,10.76,都市：其他:第三種住宅區。,,,1100729,土地1建物1車位1,十二層,014,住宅大樓(11層含以上有電梯),住家用,鋼筋混凝土結構造,0910821,92.35,2,2,1,有,有,6800000,68001,坡道平面,15.88,1600000,,RPTOMLTLPHGGFEE09DA,48.36,7.69,0.0,有,
三民區,房地(土地+建物),高雄市三民區興隆街８０之２號三樓,5.52,都市：其他:第四種商業區,,,1100814,土地1建物1車位0,三層,025,住宅大樓(11層含以上有電梯),住家用,鋼筋混凝土造,0890412,79.74000000000001,2,2,1,有,有,4300000,53925,,0.0,0,,RPRNMLLKRHGGFDE97DA,52.73,5.3,0.0,有,
三民區,房地(土地+建物),高雄市三民區義華路４２１巷１７之１號三樓,7.16,都市：其他:第四種商業區,,,1100825,土地1建物1車位0,三層,014,住宅大樓(11層含以上有電梯),住家用,鋼筋混凝土造,0900322,78.57000000000001,2,2,1,有,有,4300000,54728,,0.0,0,,RPSPMLPLQHGGFDE68DA,51.99,7.57,0.0,有,
新興區,房地(土地+建物)+車位,高雄市新興區林森一路２４６號六樓,13.93,都市：其他:第四種商業區,,,1100822,土地1建物1車位1,六層,014,住宅大樓(11層含以上有電梯),住家用,鋼筋混凝土造,1050413,165.61,3,2,2,有,有,12350000,74573,坡道平面,29.78,0,,RPROMLLKRHGGFBE87DA,84.35,4.94,0.0,有,228.0
新興區,房地(土地+建物),高雄市新興區新興路４１號十三樓,9.41,都市：其他:第三種特定商業專用區,,,1100811,土地1建物1車位0,十三層,014,住宅大樓(11層含以上有電梯),住家用,鋼筋混凝土造,1040306,84.44,2,2,1,有,有,7300000,86452,,0.0,0,,RPXNMLMKQHGGFBE38DA,42.73,13.19,0.0,有,
鹽埕區,房地(土地+建物),高雄市鹽埕區七賢三路３號八樓之２,8.92,都市：其他:第三種商業區,,,1100906,土地1建物1車位0,八層,014,住宅大樓(11層含以上有電梯),住家用,鋼筋混凝土造,0951205,81.33,2,1,1,有,有,6000000,73774,,0.0,0,親友、員工、共有人或其他特殊關係間之交易；,RPTOMLLKRHGGFAE97DA,50.94,7.27,0.0,有,
鼓山區,房地(土地+建物),高雄市鼓山區大順一路１０４１巷３號六樓,8.75,都市：其他:第五種住宅區,,,1100815,土地1建物1車位0,六層,027,住宅大樓(11層含以上有電梯),住家用,鋼筋混凝土造,0840707,103.36999999999999,3,2,2,有,有,5150000,49821,,0.0,0,牆壁重新粉刷,RPROMLQJRHGGFAE18DA,65.99,14.25,0.0,有,229.0
鼓山區,房地(土地+建物)+車位,高雄市鼓山區馬卡道路３９５號十二樓,24.72,都市：其他:特定第五種住宅區,,,1100807,土地1建物1車位1,十二層,028,住宅大樓(11層含以上有電梯),住家用,鋼筋混凝土造,1010411,282.05,4,2,2,有,有,25000000,88637,坡道平面,16.61,0,,RPQPMLRJRHGGFAE28DA,154.64,25.91,0.0,有,230.0
板橋區,房地(土地+建物),新北市板橋區民生路三段３２３號十三樓之１,1.26,都市：其他:住宅區,,,1100823,土地2建物1車位0,十三層,三十七層,住宅大樓(11層含以上有電梯),住家用,鋼骨鋼筋混凝土造,0950914,37.89,0,1,1,有,有,5800000,153075,,0.0,0,附家具家電,RPUPMLQJRHGGFAF68DA,20.92,4.85,0.0,有,5.0
新店區,房地(土地+建物),新北市新店區寶慶街１２號五樓,6.83,都市：其他:第四種住宅區,,,1100729,土地1建物1車位0,五層,二十九層,住宅大樓(11層含以上有電梯),住家用,鋼筋混凝土造,0890203,90.36,2,2,1,有,有,15860000,175520,,0.0,0,陽台外推；其他增建；,RPUNMLKKQHGGFCF08DA,59.98,10.21,0.0,有,
新店區,房地(土地+建物)+車位,新北市新店區北新路三段２１號十六樓,20.18,都市：其他:第四種住宅區,,,1100809,土地1建物1車位1,十六層,二十三層,住宅大樓(11層含以上有電梯),住家用,鋼筋混凝土造,1000908,233.04,4,2,2,有,有,40000000,171644,坡道平面,39.21,0,,RPTNMLLJRHGGFCF08DA,123.34,17.13,0.0,有,
汐止區,房地(土地+建物),新北市汐止區大同路二段２８１號２２樓之２,6.53,都市：其他:第二種住宅區,,,1100808,土地1建物1車位0,二十二層,二十四層,住宅大樓(11層含以上有電梯),住家用,鋼筋混凝土造,0840126,73.75,1,1,1,有,有,8800000,119322,,0.0,0,,RPSNMLTLQHGGFDF98DA,55.88,12.01,0.0,有,
三重區,房地(土地+建物)+車位,新北市三重區成功路１１０號十八樓之十,4.34,都市：其他:住宅區,,,1100726,土地3建物1車位1,十八層,二十七層,住宅大樓(11層含以上有電梯),住家用,鋼筋混凝土造,0860203,124.81,2,1,1,有,有,11700000,93742,坡道平面,29.78,0,,RPQSMLSJRHGGFGF76DA,55.91,14.54,0.0,有,38.0
汐止區,房地(土地+建物)+車位,新北市汐止區大同路二段２７１號７樓之５　　　,11.13,都市：其他:第二種住宅區,,,1100808,土地1建物1車位1,七層,二十四層,住宅大樓(11層含以上有電梯),住家用,鋼筋混凝土造,0840126,173.79000000000002,4,2,2,有,有,16500000,94942,坡道平面,0.0,0,,RPPNMLTJRHGGFDF68EA,151.1,12.83,0.0,有,
三峽區,房地(土地+建物)+車位,新北市三峽區學成路２７６號九樓之五,14.02,都市：其他:住宅區,,,1100813,土地1建物1車位1,九層,二十層,住宅大樓(11層含以上有電梯),住家用,鋼筋混凝土造,0951117,126.34,2,2,1,有,有,12880000,101947,坡道平面,36.73,0,,RPWNMLKKRHGGFIF98DA,56.81,8.04,0.0,有,
三重區,房地(土地+建物)+車位,新北市三重區五華街２００號二樓,45.68,都市：其他:住宅區,,,1100711,土地1建物1車位3,二層,二十四層,住宅大樓(11層含以上有電梯),住家用,鋼筋混凝土造,1001228,350.61,3,2,2,有,有,48000000,136904,坡道平面,81.06,0,其他增建；,RPTQMLTJRHGGFGF96DA,153.9,28.39,0.0,有,
三重區,房地(土地+建物),新北市三重區三和路一段８３號二十樓,7.23,都市：其他:商業區,,,1100409,土地2建物1車位0,二十層,二十三層,住宅大樓(11層含以上有電梯),住家用,鋼筋混凝土造,1040521,96.92,2,2,1,有,有,15660000,161577,,0.0,0,,RPQPMLNJRHGGFGF58DA,55.96,9.46,0.0,有,107.0
淡水區,房地(土地+建物)+車位,新北市淡水區中正東路二段７９之１號二十一樓,20.5,都市：其他:道路用地,,,1100824,土地5建物1車位1,二十一層,二十五層,住宅大樓(11層含以上有電梯),住家用,鋼骨混凝土造,0920922,185.3,3,2,2,有,有,21380000,115380,坡道平面,0.0,0,陽台外推；,RPUOMLLKRHGGFEF58DA,98.54,12.17,0.0,有,
淡水區,房地(土地+建物)+車位,新北市淡水區崁頂三路９９之８號十八樓,19.37,都市：其他:第六種住宅區,,,1100815,土地1建物1車位1,十八層,二十一層,住宅大樓(11層含以上有電梯),住家用,鋼筋混凝土造,1071102,163.15,3,2,2,有,有,11560000,70855,坡道平面,30.57,0,,RPPRMLKKRHGGFEF28DA,80.4,16.53,0.0,有,110.0
淡水區,房地(土地+建物)+車位,新北市淡水區新市三路一段８６號十一樓,16.92,都市：其他:第五種住宅區,,,1100807,土地1建物1車位1,十一層,二十六層,住宅大樓(11層含以上有電梯),住家用,鋼筋混凝土造,1080222,114.24000000000001,2,1,2,有,有,8550000,80164,坡道平面,23.8,1300000,,RPSPMLKKRHGGFEF38DA,53.25,7.89,0.0,有,
淡水區,房地(土地+建物)+車位,新北市淡水區新市三路一段１２８號十七樓,21.82,都市：其他:第五種住宅區,,,1100730,土地1建物1車位1,十七層,二十三層,住宅大樓(11層含以上有電梯),住家用,鋼筋混凝土造,1080222,144.73000000000002,3,1,2,有,有,11420000,83702,坡道平面,25.02,1400000,僅車位交易；,RPURMLTJRHGGFEF96DA,70.83,10.43,0.0,有,
淡水區,房地(土地+建物)+車位,新北市淡水區中正東路二段１１１號十八樓之３,29.83,都市：其他:住宅區(三),,,1100513,土地1建物1車位1,十八層,三十八層,住宅大樓(11層含以上有電梯),住家用,鋼筋混凝土造,0980610,240.98,3,2,2,有,有,26500000,109968,坡道平面,0.0,0,機電間外推,RPTQMLTJRHGGFEF76DA,117.92,21.37,0.0,有,111.0
淡水區,房地(土地+建物),新北市淡水區民權路２２３號十五樓,8.71,都市：其他:住宅區(四),,,1100814,土地1建物1車位0,十五層,二十九層,住宅大樓(11層含以上有電梯),住家用,鋼骨鋼筋混凝土造,0961005,86.86,1,2,1,有,有,11580000,133318,,0.0,0,其他增建；,RPVRMLSJRHGGFEF96DA,56.72,0.72,0.0,有,112.0
淡水區,房地(土地+建物)+車位,新北市淡水區新市五路三段１８２號七樓,10.94,都市：其他:第三之一種中心商業區,,,1100519,土地1建物1車位1,七層,二十七層,住宅大樓(11層含以上有電梯),住家用,鋼筋混凝土造,1061229,152.93,3,2,2,有,有,9970000,70194,坡道平面,30.84,1400000,含裝潢費1100000元；,RPUOMLKKOHGGFEF18DA,70.5,12.94,0.0,有,
板橋區,房地(土地+建物),新北市板橋區文化路一段３６０號三十五樓之２１,2.1,都市：其他:住宅區,,,1100709,土地1建物1車位0,三十五層,四十層,住宅大樓(11層含以上有電梯),住家用,鋼骨構造,0990715,41.019999999999996,0,1,1,有,有,9300000,226719,,0.0,0,陽台外推；,RPWQMLNJRHGGFAF68DA,22.89,3.99,0.0,有,150.0
汐止區,房地(土地+建物)+車位,新北市汐止區康寧街３０７巷１弄２號１８樓,26.72,都市：其他:第二種住宅區,,,1100731,土地1建物1車位1,十八層,二十三層,住宅大樓(11層含以上有電梯),住家用,鋼筋混凝土造,0820414,197.51,4,2,2,有,有,16630000,84198,坡道平面,0.0,0,,RPSPMLOLQHGGFDF68DA,165.47,18.28,0.0,有,
汐止區,房地(土地+建物),新北市汐止區大同路三段６１５號２９樓之７,3.91,都市：其他:第二種住宅區,,,1100808,土地1建物1車位0,二十九層,三十二層,住宅大樓(11層含以上有電梯),住家用,鋼筋混凝土造,0880203,41.400000000000006,1,1,1,有,有,2930000,70773,,0.0,0,含租約；,RPXNMLPLQHGGFDF09DA,28.81,2.79,0.0,有,167.0
汐止區,房地(土地+建物)+車位,新北市汐止區湖前街１１０巷９７弄４之１號１４樓,30.4,,山坡地保育區,丙種建築用地,1100821,土地8建物1車位1,十四層,二十五層,住宅大樓(11層含以上有電梯),住家用,鋼筋混凝土造,0881202,116.00999999999999,2,2,1,有,有,8750000,75425,坡道機械,0.0,0,,RPVOMLLKRHGGFDF58DA,80.12,9.18,0.0,有,169.0
淡水區,房地(土地+建物)+車位,新北市淡水區沙崙路一段２９號二十一樓,18.5,都市：其他:第三種住宅區。,,,1100502,土地1建物1車位1,二十一層,二十三層,住宅大樓(11層含以上有電梯),住家用,鋼筋混凝土造,1080306,121.27,2,1,2,有,有,9100000,83036,坡道平面,26.13,1200000,預售屋、或土地及建物分件登記案件；,RPXOMLQKQHGGFEF66DA,56.24,9.87,0.0,有,
淡水區,房地(土地+建物)+車位,新北市淡水區沙崙路一段５號二十二樓,17.15,都市：其他:第三種住宅區。,,,1100730,土地1建物1車位1,二十二層,二十三層,住宅大樓(11層含以上有電梯),住家用,鋼筋混凝土造,1080306,117.35,2,1,1,有,有,8300000,81375,坡道平面,30.1,1200000,預售屋、或土地及建物分件登記案件；,RPQRMLSKQHGGFEF09DA,51.98,8.48,0.0,有,
淡水區,房地(土地+建物)+車位,新北市淡水區沙崙路一段１３７號十九樓,18.53,都市：其他:第三種住宅區。,,,1100806,土地1建物1車位1,十九層,二十三層,住宅大樓(11層含以上有電梯),住家用,鋼筋混凝土造,1080306,125.99000000000001,2,1,2,有,有,9700000,88643,坡道平面,30.1,1200000,預售屋、或土地及建物分件登記案件；,RPPOMLLMQHGGFEF18DA,56.3,10.56,0.0,有,
淡水區,房地(土地+建物)+車位,新北市淡水區沙崙路一段４５號五樓,13.43,都市：其他:第三種住宅區。,,,1100820,土地1建物1車位1,五層,二十三層,住宅大樓(11層含以上有電梯),住家用,鋼筋混凝土造,1080306,97.33000000000001,2,1,1,有,有,6450000,76603,坡道平面,30.1,1300000,其他增建；,RPWRMLLJRHGGFEF98DA,40.52,5.79,0.0,有,174.0
三重區,房地(土地+建物)+車位,新北市三重區集賢路１１０號二十六樓,54.7,都市：其他:住宅區,,,1100730,土地1建物1車位2,二十六層,二十八層,住宅大樓(11層含以上有電梯),住家用,鋼骨鋼筋混凝土造,1000527,350.29999999999995,0,0,0,無,有,43000000,122752,坡道平面,79.06,0,,RPOQMLQJRHGGFGF78DA,165.57,20.0,0.0,有,
中和區,房地(土地+建物),新北市中和區景德街３０號三樓之三,4.67,都市：其他:住宅區,,,1100801,土地1建物1車位0,三層,二十五層,住宅大樓(11層含以上有電梯),住家用,鋼筋混凝土造,0861104,66.94,2,2,1,有,有,9880000,147595,,0.0,0,陽台外推；其他增建；,RPURMLTKQHGGFHF27DA,41.69,11.64,0.0,有,
中和區,房地(土地+建物),新北市中和區景平路５９之２０號十一樓,2.53,都市：其他:住宅區,,,1100822,土地1建物1車位0,十一層,二十二層,住宅大樓(11層含以上有電梯),住家用,鋼筋混凝土造,0851030,31.619999999999997,1,0,1,有,有,4700000,148640,,0.0,0,,RPVPMLLKRHGGFHF09DA,27.08,0.57,0.0,有,188.0
樹林區,房地(土地+建物)+車位,新北市樹林區學勤路５１６號二十二樓,22.37,都市：其他:住宅區,,,1100807,土地1建物1車位1,二十二層,二十七層,住宅大樓(11層含以上有電梯),住家用,鋼筋混凝土造,0960929,187.73000000000002,3,1,2,有,有,20200000,107601,坡道平面,34.1,0,,RPRPMLTJRHGGFIF86DA,101.95,14.94,0.0,有,
板橋區,房地(土地+建物),新北市板橋區文化路二段３０７號五樓,5.56,都市：其他:住宅區,,,1100803,土地2建物1車位0,五層,二十七層,住宅大樓(11層含以上有電梯),住家用,鋼筋混凝土造,0860729,95.86,2,2,1,有,有,20700000,215940,,0.0,0,,RPSQNLKKRHGGFAF28EA,66.01,8.01,0.0,有,198.0
淡水區,房地(土地+建物)+車位,新北市淡水區中正東路二段８３號十四樓之１５,3.46,都市：其他:道路用地,,,1100717,土地5建物1車位1,十四層,二十六層,住宅大樓(11層含以上有電梯),住家用,鋼骨混凝土造,0920922,63.269999999999996,1,1,1,有,有,6660000,105280,坡道機械,10.74,0,,RPORMLSJRHGGFEF98EA,34.12,5.1,0.0,有,
三重區,房地(土地+建物),新北市三重區成功路１００號七樓之二,5.45,都市：其他:道路用地,,,1100815,土地3建物1車位0,七層,二十四層,住宅大樓(11層含以上有電梯),住家用,鋼筋混凝土造,1041105,62.599999999999994,1,1,1,有,有,9300000,148562,,0.0,0,陽台加窗其他增建；,RPSPMLKKRHGGFGF68EA,33.69,7.25,0.0,有,212.0
永和區,房地(土地+建物),新北市永和區成功路二段２３５號十四樓,7.79,都市：其他:住宅區,,,1100801,土地1建物1車位0,十四層,二十八層,住宅大樓(11層含以上有電梯),住家用,鋼筋混凝土造,0950629,143.10999999999999,3,2,2,有,有,23880000,166865,,0.0,0,陽台外推；,RPOOMLNKRHGGFHF58EA,92.02,14.05,0.0,有,
三重區,房地(土地+建物),新北市三重區成功路１００號八樓之六,8.1,都市：其他:道路用地,,,1100719,土地3建物1車位0,八層,二十四層,住宅大樓(11層含以上有電梯),住家用,鋼筋混凝土造,1041105,92.9,2,2,1,有,有,14380000,154790,,0.0,0,,RPVPMLLKRHGGFGF09EA,47.51,13.23,0.0,有,223.0
淡水區,房地(土地+建物)+車位,新北市淡水區新市一路一段１４８號十一樓,16.69,都市：其他:第五種住宅區,,,1100902,土地1建物1車位1,十一層,二十二層,住宅大樓(11層含以上有電梯),住家用,鋼筋混凝土造,1051020,134.91,3,1,2,有,有,8000000,59299,坡道平面,29.2,0,,RPVNMLOKRHGGFEF98EA,63.32,10.52,0.0,有,224.0
中和區,房地(土地+建物),新北市中和區景平路１８８號十九樓之五,2.0,都市：其他:道路用地,,,1100802,土地3建物1車位0,十九層,四十一層,住宅大樓(11層含以上有電梯),住家用,鋼骨鋼筋混凝土造,0861104,34.81,1,1,1,有,有,5300000,152255,,0.0,0,,RPRQMLSKQHGGFHF76DA,26.83,0.0,0.0,有,
淡水區,房地(土地+建物)+車位,新北市淡水區中正東路一段３巷１４弄１９號十五樓之２,15.4,都市：其他:住宅區(四),,,1100824,土地2建物1車位1,十五層,二十四層,住宅大樓(11層含以上有電梯),住家用,鋼筋混凝土造,0961121,131.24,3,2,2,有,有,10200000,77720,坡道平面,17.73,0,陽台外推；,RPVOMLMJRHGGFEF68DA,67.53,12.83,0.0,有,248.0
汐止區,房地(土地+建物)+車位,新北市汐止區新臺五路二段１９０號８樓,4.33,都市：其他:第二種住宅區,,,1100814,土地2建物1車位1,八層,三十六層,住宅大樓(11層含以上有電梯),住家用,鋼骨鋼筋混凝土造,0851230,122.74,2,1,1,有,有,6905000,56262,坡道平面,44.88,0,,RPROMLOKRHGGFDF48DA,42.32,5.01,0.0,有,
淡水區,房地(土地+建物)+車位,新北市淡水區中正路二段４６號十二樓,10.32,都市：其他:商業區,,,1100811,土地2建物1車位1,十二層,二十九層,住宅大樓(11層含以上有電梯),住家用,鋼筋混凝土造,1061026,153.46,1,2,1,有,有,13850000,101928,坡道平面,27.39,1000000,,RPRPMLNKQHGGFEF48DA,61.02,21.07,0.0,有,
汐止區,房地(土地+建物)+車位,新北市汐止區大同路三段６１７號４樓,2.84,都市：其他:第二種住宅區,,,1100829,土地1建物1車位1,四層,三十二層,住宅大樓(11層含以上有電梯),住家用,鋼筋混凝土造,0880203,37.06,3,2,2,有,有,2000000,53967,坡道機械,0.0,0,,RPVNMLKKRHGGFDF38DA,20.81,2.12,0.0,有,249.0
汐止區,房地(土地+建物)+車位,新北市汐止區大同路三段６１７號４樓,2.84,都市：其他:第二種住宅區,,,1100829,土地1建物1車位1,四層,三十二層,住宅大樓(11層含以上有電梯),住家用,鋼筋混凝土造,0880203,37.06,3,2,2,有,有,2000000,53967,坡道機械,0.0,0,,RPWNMLKKRHGGFDF48DA,20.81,2.12,0.0,有,249.0
汐止區,房地(土地+建物)+車位,新北市汐止區大同路三段６１３號２１樓,12.7,都市：其他:第二種住宅區,,,1100823,土地1建物1車位1,二十一層,三十三層,住宅大樓(11層含以上有電梯),住家用,鋼筋混凝土造,0880203,157.47,3,2,2,有,有,7450000,47311,坡道機械,21.34,0,,RPTNMLKKRHGGFDF18DA,92.32,10.55,0.0,有,
汐止區,房地(土地+建物),新北市汐止區康寧街７４９號三樓之３,17.71,都市：其他:風景區,,,1100817,土地2建物1車位0,三層,二十三層,住宅大樓(11層含以上有電梯),住家用,鋼筋混凝土造,0980526,90.13000000000001,1,2,1,有,有,9000000,99856,,0.0,0,其他增建；,RPOOMLLKRHGGFDF87DA,61.5,10.15,0.0,有,
汐止區,房地(土地+建物),新北市汐止區大同路二段１８４巷９號２２樓之６,11.88,都市：其他:第二種住宅區,,,1100717,土地2建物1車位0,二十二層,二十三層,住宅大樓(11層含以上有電梯),住家用,鋼筋混凝土造,0870903,92.5,2,2,1,有,有,12500000,135135,,0.0,0,,RPQNMLPJRHGGFDF28DA,58.4,9.01,0.0,有,253.0
汐止區,房地(土地+建物)+車位,新北市汐止區大同路三段６１５號５樓之５,6.71,都市：其他:第二種住宅區,,,1100828,土地1建物1車位1,五層,三十二層,住宅大樓(11層含以上有電梯),住家用,鋼筋混凝土造,0880203,95.92,2,1,1,有,有,4900000,51084,坡道機械,21.34,0,,RPUNMLKKRHGGFDF28DA,48.56,9.5,0.0,有,313.0
三峽區,房地(土地+建物)+車位,新北市三峽區學成路２７６號十八樓之三,17.02,都市：其他:住宅區,,,1100717,土地1建物1車位1,十八層,二十層,住宅大樓(11層含以上有電梯),住家用,鋼筋混凝土造,0951117,146.79000000000002,3,2,2,有,有,13500000,91968,坡道平面,22.7,0,親友、員工、共有人或其他特殊關係間之交易；,RPRPMLOKRHGGFIF09DA,81.47,11.93,0.0,有,
中和區,房地(土地+建物),新北市中和區中正路８１７號二十樓之一,3.81,都市：其他:道路用地,,,1100826,土地2建物1車位0,二十層,二十二層,住宅大樓(11層含以上有電梯),住家用,鋼筋混凝土造,0880915,45.5,1,1,1,有,有,6080000,133626,,0.0,0,陽台外推；,RPVNMLPKRHGGFHF76EA,31.44,4.9,0.0,有,374.0
汐止區,房地(土地+建物),新北市汐止區大同路二段１８４巷２號１０樓之１,11.88,都市：其他:第二種住宅區,,,1100908,土地2建物1車位0,十層,二十三層,住宅大樓(11層含以上有電梯),住家用,鋼筋混凝土造,0870903,96.3,1,1,1,有,有,12300000,127726,,0.0,0,,RPVOMLPKRHGGFDF09EA,62.39,8.82,0.0,有,
新店區,房地(土地+建物)+車位,新北市新店區中興路二段１３１號二十三樓,15.73,都市：其他:住宅區,,,1100824,土地1建物1車位1,二十三層,二十六層,住宅大樓(11層含以上有電梯),住家用,鋼骨鋼筋混凝土造,0980612,186.84,3,2,2,有,有,26880000,160351,坡道平面,31.68,2000000,,RPWNNLQKRHGGFCF56EA,98.13,15.46,0.0,有,
板橋區,房地(土地+建物),新北市板橋區民生路三段３２３號十四樓之４,1.98,都市：其他:住宅區,,,1100814,土地2建物1車位0,十四層,三十七層,住宅大樓(11層含以上有電梯),住家用,鋼骨鋼筋混凝土造,0950914,58.629999999999995,1,1,1,有,有,8300000,141566,,0.0,0,陽台外推；,RPPNMLNKRHGGFAF87EA,35.56,4.34,0.0,有,401.0
三重區,房地(土地+建物),新北市三重區重新路三段１５０號七樓,5.87,都市：其他:道路用地,,,1100805,土地2建物1車位0,七層,二十四層,住宅大樓(11層含以上有電梯),住家用,鋼骨構造,1031226,107.75999999999999,2,1,1,有,有,16250000,150798,,0.0,0,,RPWOMLRJRHGGFGF86DA,54.39,11.89,0.0,有,427.0
淡水區,房地(土地+建物)+車位,新北市淡水區八勢路５０巷８１號九樓,89.23,都市：其他:住宅區(一),,,1100512,土地1建物1車位2,九層,二十一層,住宅大樓(11層含以上有電梯),住家用,鋼骨鋼筋混凝土造,1070521,338.57,0,0,0,無,有,31110000,105866,坡道平面,75.88,3300000,,RPTOMLQKRHGGFEF98DA,155.58,17.83,0.0,有,
淡水區,房地(土地+建物)+車位,新北市淡水區新市三路二段２０５號五樓,11.23,都市：其他:第三之一種中心商業區,,,1100813,土地1建物1車位1,五層,二十九層,住宅大樓(11層含以上有電梯),住家用,鋼筋混凝土造,1070525,158.94,3,2,2,有,有,10550000,70828,坡道平面,30.46,1450000,含裝潢費1100000元；,RPQQMLKKQHGGFEF18DA,74.97,10.43,0.0,有,
板橋區,房地(土地+建物),新北市板橋區民生路三段３２１號三十一樓之２,3.2,都市：其他:住宅區,,,1100820,土地2建物1車位0,三十一層,三十七層,住宅大樓(11層含以上有電梯),住家用,鋼骨鋼筋混凝土造,0950914,94.25,2,2,2,有,有,15250000,161787,,0.0,0,夾層；,RPXRMLPKRHGGFAF56DA,57.73,11.59,0.0,有,
板橋區,房地(土地+建物)+車位,新北市板橋區文化路二段８４號十二樓,14.87,都市：其他:住宅區,,,1100804,土地1建物1車位1,十二層,二十五層,住宅大樓(11層含以上有電梯),住家用,鋼筋混凝土造,0840617,251.45,4,2,2,有,有,33000000,131244,坡道平面,40.65,0,,RPWPMLQJRHGGFAF88DA,203.43,17.21,0.0,有,
桃園區,房地(土地+建物)+車位,桃園市桃園區天祥六街３號九樓,16.38,都市：其他:住宅區,,,1100818,土地1建物1車位1,九層,二十層,住宅大樓(11層含以上有電梯),住家用,鋼骨鋼筋混凝土造,0901129,229.01999999999998,4,2,2,有,有,16700000,72919,坡道平面,15.4,0,,RPRRMLQLQHGGFAH88DA,127.34,15.17,0.0,有,
桃園區,房地(土地+建物)+車位,桃園市桃園區藝文一街７０號二十四樓,17.67,都市：其他:商業區,,,1100417,土地1建物1車位1,二十四層,二十六層,住宅大樓(11層含以上有電梯),住家用,鋼骨鋼筋混凝土造,1090106,211.1,3,2,3,有,有,25820000,130071,坡道平面,27.2,1900000,,RPQOMLLJRHGGFAH87DA,109.56,12.07,0.0,有,
桃園區,房地(土地+建物)+車位,桃園市桃園區吉安一街１７７號十四樓,18.04,都市：其他:第一之二種住宅區,,,1100806,土地1建物1車位1,十四層,二十一層,住宅大樓(11層含以上有電梯),住家用,鋼筋混凝土造,1070323,153.03,3,2,2,有,有,14680000,105581,坡道平面,27.25,1400000,,RPUPMLQJRHGGFAH88DA,73.99,9.59,0.0,有,
蘆竹區,房地(土地+建物)+車位,桃園市蘆竹區南山路一段６９號十一樓之１,13.7,都市：其他:住宅區,,,1100608,土地1建物1車位1,十一層,二十層,住宅大樓(11層含以上有電梯),住家用,鋼筋混凝土造,0840811,172.45,3,2,2,有,有,7300000,47529,坡道平面,39.9,1000000,,RPPNMLPJRHGGFEH48DA,92.52,9.82,0.0,有,
平鎮區,房地(土地+建物)+車位,桃園市平鎮區民族路二段２３巷３８號十二樓,9.39,都市：其他:商業區,,,1100730,土地1建物1車位1,十二層,二十五層,住宅大樓(11層含以上有電梯),住家用,鋼筋混凝土造,1030807,154.95,3,2,2,有,有,9050000,58406,坡道平面,0.0,0,,RPXOMLMJRHGGFGH66DA,82.64,7.08,0.0,有,37.0
桃園區,房地(土地+建物)+車位,桃園市桃園區永安路５０７之１號五樓,16.42,都市：其他:住宅區,,,1100723,土地1建物1車位1,五層,二十三層,住宅大樓(11層含以上有電梯),住家用,鋼筋混凝土造,1090619,137.87,2,1,2,有,有,11900000,100830,坡道平面,34.23,1450000,,RPSPMLTJRHGGFAH09EA,64.34,6.95,0.0,有,
平鎮區,房地(土地+建物),桃園市平鎮區民族路二段２３巷１８號二十四樓,5.83,都市：其他:商業區,,,1100804,土地1建物1車位0,二十四層,二十五層,住宅大樓(11層含以上有電梯),住家用,鋼筋混凝土造,1030807,83.34,1,1,1,有,有,6300000,75594,,0.0,0,其他增建；,RPOOMLTJRHGGFGH56EA,51.19,6.37,0.0,有,54.0
龜山區,房地(土地+建物)+車位,桃園市龜山區文青路３３７號十一樓之２,23.41,都市：其他:第五種住宅區(供合宜住宅使用),,,1100806,土地1建物1車位1,十一層,二十三層,住宅大樓(11層含以上有電梯),住家用,鋼筋混凝土造,1041127,194.95,4,2,2,有,有,8440000,43293,坡道平面,33.75,0,親友、員工、共有人或其他特殊關係間之交易；,RPOOMLTJRHGGFHH66EA,108.55,9.5,0.0,有,
桃園區,房地(土地+建物)+車位,桃園市桃園區經國一路１０６號九樓,13.86,都市：其他:商業區,,,1100725,土地1建物1車位1,九層,二十四層,住宅大樓(11層含以上有電梯),住家用,鋼筋混凝土造,1060929,142.54,2,2,1,有,有,11300000,93300,坡道平面,41.79,1900000,,RPUPMLTJRHGGFAH66EA,60.66,6.8,0.0,有,66.0
龜山區,房地(土地+建物)+車位,桃園市龜山區文青路１６３號六樓之６,22.28,都市：其他:第五種住宅區(供合宜住宅使用),,,1100806,土地1建物1車位1,六層,二十三層,住宅大樓(11層含以上有電梯),住家用,鋼筋混凝土造,1040814,178.19,3,2,2,有,有,12600000,70711,坡道平面,37.58,0,,RPROMLTJRHGGFHH86DA,90.83,9.02,0.0,有,
蘆竹區,房地(土地+建物)+車位,桃園市蘆竹區南山路一段６３號十二樓之２,11.33,都市：其他:住宅區,,,1100806,土地1建物1車位1,十二層,二十層,住宅大樓(11層含以上有電梯),住家用,鋼筋混凝土造,0840811,153.35000000000002,3,2,2,有,有,7450000,48582,坡道平面,0.0,0,,RPOQMLSJRHGGFEH98DA,76.55,9.51,0.0,有,83.0
桃園區,房地(土地+建物)+車位,桃園市桃園區正光路３０６號十三樓,37.26,都市：其他:第一之一種住宅區,,,1100626,土地1建物1車位2,十三層,二十三層,住宅大樓(11層含以上有電梯),住家用,鋼筋混凝土造,1080814,274.18,2,2,3,有,有,27000000,104349,坡道平面,46.1,3200000,,RPPNMLOJRHGGFAH97DA,131.71,19.48,0.0,有,
中壢區,房地(土地+建物)+車位,桃園市中壢區元化路３５６號三樓之１,17.84,都市：其他:商業區,,,1100814,土地1建物1車位1,三層,二十二層,住宅大樓(11層含以上有電梯),住家用,鋼筋混凝土造,0970406,252.63,4,2,3,有,有,21770000,91947,坡道平面,35.44,1800000,,RPUOMLKKRHGGFBH38DA,148.32,21.29,0.0,有,
大園區,房地(土地+建物)+車位,桃園市大園區高鐵南路一段５０號二十一樓之６,15.14,都市：其他:住宅區,,,1100727,土地1建物1車位1,二十一層,二十二層,住宅大樓(11層含以上有電梯),住家用,鋼筋混凝土造,1060815,125.10999999999999,2,2,1,有,有,13280000,106147,坡道平面,35.87,0,,RPWNMLNKQHGGFEH98DA,51.1,7.19,0.0,有,146.0
平鎮區,房地(土地+建物)+車位,桃園市平鎮區民族路二段２３巷３０號二十一樓,9.71,都市：其他:商業區,,,1100814,土地1建物1車位1,二十一層,二十五層,住宅大樓(11層含以上有電梯),住家用,鋼筋混凝土造,1030807,162.44,3,2,2,有,有,11150000,68641,坡道平面,26.82,0,,RPOOMLNJRHGGFGH48DA,81.96,10.93,0.0,有,162.0
中壢區,房地(土地+建物)+車位,桃園市中壢區九和一街５５號六樓之３,9.91,都市：其他:商業區,,,1100805,土地1建物1車位1,六層,二十一層,住宅大樓(11層含以上有電梯),住家用,鋼筋混凝土造,0950321,149.63,3,2,2,有,有,9500000,63490,坡道平面,34.74,0,,RPROMLMJRHGGFBH28EA,81.35,8.83,0.0,有,
龜山區,房地(土地+建物)+車位,桃園市龜山區文青路１６７號十樓之９,22.28,都市：其他:第五種住宅區(供合宜住宅使用),,,1100806,土地1建物1車位1,十層,二十層,住宅大樓(11層含以上有電梯),住家用,鋼筋混凝土造,1040814,184.32,3,1,2,有,有,7200000,39063,坡道平面,37.58,0,親友、員工、共有人或其他特殊關係間之交易；,RPUNMLKKRHGGFHH98EA,90.83,9.02,0.0,有,
龜山區,房地(土地+建物)+車位,桃園市龜山區文青路３４１號十七樓之３,21.42,都市：其他:第五種住宅區(供合宜住宅使用),,,1100812,土地1建物1車位2,十七層,二十二層,住宅大樓(11層含以上有電梯),住家用,鋼筋混凝土造,1041127,217.31,3,2,2,有,有,8750000,40265,坡道平面,67.5,0,親友、員工、共有人或其他特殊關係間之交易；,RPRPMLLKRHGGFHH98EA,97.74,8.84,0.0,有,
八德區,房地(土地+建物)+車位,桃園市八德區中正一路２８號十四樓,28.64,都市：其他:商業區,,,1100814,土地1建物1車位1,十四層,二十四層,住宅大樓(11層含以上有電梯),住家用,鋼筋混凝土造,1040617,231.17,4,2,2,有,有,15200000,71627,坡道平面,37.11,1300000,,RPUQMLNKRHGGFFH76EA,122.42,9.03,0.0,有,192.0
桃園區,房地(土地+建物)+車位,桃園市桃園區經國一路１０８號二十一樓,14.96,都市：其他:商業區,,,1100627,土地1建物1車位1,二十一層,二十四層,住宅大樓(11層含以上有電梯),住家用,鋼筋混凝土造,1060929,150.39,2,2,1,有,有,12400000,97606,坡道平面,41.79,1800000,,RPPPMLNKRHGGFAH28EA,66.92,5.95,0.0,有,201.0
龜山區,房地(土地+建物)+車位,桃園市龜山區文青路１７９號四樓之３,26.36,都市：其他:第五種住宅區(供合宜住宅使用),,,1100714,土地1建物1車位1,四層,二十三層,住宅大樓(11層含以上有電梯),住家用,鋼筋混凝土造,1040814,200.86,4,2,2,有,有,12000000,59743,坡道平面,0.0,0,,RPUOMLKKRHGGFHH98DA,107.96,8.37,0.0,有,
龜山區,房地(土地+建物)+車位,桃園市龜山區文青路３４７號五樓之３,17.26,都市：其他:第五種住宅區(供合宜住宅使用),,,1100809,土地1建物1車位1,五層,二十二層,住宅大樓(11層含以上有電梯),住家用,鋼筋混凝土造,1041127,154.97,3,2,2,有,有,10500000,67755,坡道平面,33.75,0,,RPOOMLQKQHGGFHH88DA,79.06,7.82,0.0,有,
龜山區,房地(土地+建物)+車位,桃園市龜山區文青路１７５號二十三樓之８,26.36,都市：其他:第五種住宅區(供合宜住宅使用),,,1100720,土地1建物1車位1,二十三層,二十三層,住宅大樓(11層含以上有電梯),住家用,鋼筋混凝土造,1040814,204.23000000000002,4,2,2,有,有,13250000,64878,坡道平面,40.67,0,,RPOOMLRLPHGGFHH98DA,107.53,8.89,0.0,有,
八德區,房地(土地+建物)+車位,桃園市八德區中正一路１０號二樓,14.49,都市：其他:商業區,,,1100809,土地1建物1車位1,二層,二十四層,住宅大樓(11層含以上有電梯),住家用,鋼筋混凝土造,1040617,130.24,2,1,1,有,有,8250000,63345,坡道平面,31.92,0,,RPQNMLKKRHGGFFH28DA,60.81,6.39,0.0,有,211.0
桃園區,房地(土地+建物)+車位,桃園市桃園區正光路２０１號四樓,49.21,都市：其他:第一之一種住宅區,,,1100722,土地1建物1車位1,四層,二十四層,住宅大樓(11層含以上有電梯),住家用,鋼筋混凝土造,1070507,353.28,4,2,3,有,有,39810000,116412,坡道平面,25.05,1600000,含裝潢費；,RPUQMLQJRHGGFAH98DA,200.55,24.42,0.0,有,
桃園區,房地(土地+建物)+車位,桃園市桃園區中華路１１７號九樓之１０,13.66,都市：其他:商業區,,,1100810,土地1建物1車位1,九層,二十四層,住宅大樓(11層含以上有電梯),住家用,鋼筋混凝土造,1091201,155.57999999999998,3,2,2,有,有,14000000,98888,坡道平面,34.23,2000000,,RPWQMLQJRHGGFAH56DA,73.86,7.89,0.0,有,
桃園區,房地(土地+建物),桃園市桃園區莊敬路一段２１０巷１４０號二樓,8.63,都市：其他:住宅區,,,1100808,土地1建物1車位0,三層，四層,二十八層,住宅大樓(11層含以上有電梯),住家用,鋼筋混凝土造,0860419,56.56,1,1,2,有,有,4540000,80269,,0.0,0,,RPPNMLSJQHGGFAH28DA,41.35,4.29,0.0,有,242.0
桃園區,房地(土地+建物)+車位,桃園市桃園區經國路２８０號十一樓之１,3.34,都市：其他:住宅區,,,1100901,土地1建物1車位1,十一層,二十四層,住宅大樓(11層含以上有電梯),住家用,鋼筋混凝土造,0870402,57.0,1,1,1,有,有,4400000,77193,坡道機械,10.49,0,,RPQNMLPKRHGGFAH28DA,31.81,4.08,0.0,有,
桃園區,房地(土地+建物),桃園市桃園區泰昌七街９８號三樓之四,4.9,都市：其他:商業區,,,1100727,土地1建物1車位0,三層,二十層,住宅大樓(11層含以上有電梯),住家用,鋼筋混凝土造,0840930,57.09,1,1,1,有,有,3500000,61307,,0.0,0,,RPVOMLOKRHGGFAH78DA,33.53,6.57,0.0,有,249.0
八德區,房地(土地+建物)+車位,桃園市八德區中正一路２２號二十三樓,38.33,都市：其他:商業區,,,1100624,土地1建物1車位2,二十三層,二十四層,住宅大樓(11層含以上有電梯),住家用,鋼筋混凝土造,1040617,342.1,4,2,3,有,有,23000000,67232,坡道平面,0.0,0,含露台,RPVPMLMJRHGGFFH09DA,162.24,22.44,0.0,有,291.0
龜山區,房地(土地+建物)+車位,桃園市龜山區文青二路１１號五樓之９,21.27,都市：其他:第五種住宅區(供合宜住宅使用),,,1100825,土地1建物1車位1,五層,二十一層,住宅大樓(11層含以上有電梯),住家用,鋼筋混凝土造,1040709,180.45999999999998,3,2,2,有,有,12500000,69267,坡道平面,36.39,0,,RPQNMLNKRHGGFHH78DA,90.44,10.5,0.0,有,
龜山區,房地(土地+建物)+車位,桃園市龜山區文學路２４５號十六樓之５,22.53,都市：其他:第五種住宅區(供合宜住宅使用),,,1100829,土地1建物1車位1,十六層,二十四層,住宅大樓(11層含以上有電梯),住家用,鋼筋混凝土造,1041113,184.69,4,2,2,有,有,12500000,67681,坡道平面,26.11,0,,RPPNMLOKRHGGFHH88EA,102.93,9.12,0.0,有,
中壢區,房地(土地+建物),桃園市中壢區中園路３６之１６號二十一樓,4.23,都市：其他:住宅區,,,1100819,土地1建物1車位0,二十一層,二十三層,住宅大樓(11層含以上有電梯),住家用,鋼筋混凝土造,0990522,56.0,1,1,1,有,有,3600000,64286,,0.0,0,,RPSQMLOKRHGGFBH78DA,33.06,4.04,0.0,有,355.0
中壢區,房地(土地+建物),桃園市中壢區中園路３６之１７號十六樓,4.7,都市：其他:住宅區,,,1100821,土地1建物1車位0,十六層,二十三層,住宅大樓(11層含以上有電梯),住家用,鋼筋混凝土造,0990522,58.08,1,1,1,有,有,3780000,65083,,0.0,0,,RPUQMLOKRHGGFBH98DA,34.21,4.23,0.0,有,
中壢區,房地(土地+建物),桃園市中壢區慈惠三街３３號十樓之９,3.67,都市：其他:商業區,,,1100813,土地1建物1車位0,十層,二十一層,住宅大樓(11層含以上有電梯),住家用,鋼筋混凝土造,0901026,39.22,1,1,1,有,有,3000000,76492,,0.0,0,,RPWSMLOKRHGGFBH76DA,25.91,4.58,0.0,有,
桃園區,房地(土地+建物),桃園市桃園區中華路５０之６號七樓,11.42,都市：其他:商業區,,,1100907,土地1建物1車位0,七層,二十四層,住宅大樓(11層含以上有電梯),住家用,鋼筋混凝土造,1070910,99.22,2,1,1,有,有,11583860,116749,,0.0,0,,RPOPMLQKRHGGFAH38DA,59.51,9.39,0.0,有,
桃園區,房地(土地+建物)+車位,桃園市桃園區同德五街６號十八樓,22.07,都市：其他:商業區,,,1100106,土地1建物1車位2,十八層,二十六層,住宅大樓(11層含以上有電梯),住家用,鋼骨鋼筋混凝土造,1090106,284.77,3,2,3,有,有,32370000,121413,坡道平面,54.4,4400000,,RPQNMLLJRHGGFAH77DA,128.75,23.52,0.0,有,
